species,Height,Seed mass,LDMC,SLA,Leaf nitrogen,Leaf area,Leaf phosphorus
Abies_sibirica,,,0.417053049020055,4.4485831415446,18.0616962881503,767.950925129688,1.56749826311474
Abrotanella_caespitosa,,0.883786072510785,,,10.4585107186522,517.822642640972,0.38666632714506
Abrotanella_inconspicua,0.005042,0.884645861717223,0.30076854037706,8.49051237478128,,513.502093194054,0.365713273317964
Acaena_magellanica,,2.8363782855625,,,22.6898062697085,,2.28688150186835
Acaena_novae-zelandiae,0.005042,2.55608195200179,,,21.2538739521407,,1.27504640289528
Acaena_ovina,0.0354214467291634,2.62846276902788,,,20.0942029147308,,0.862171306613256
Acaena_saccaticupula,,,,,22.7372651023078,1199.55376361261,1.96172165274723
Acer_platanoides,,,,,,,
Achillea_atrata,0.198162109060942,,0.226887794389599,14.1157048817982,27.0406172022019,497.637791365748,2.35892698906366
Achillea_millefolium,,,,,,,
Achillea_ptarmica,,,,,,,4.12781122387145
Aciphylla_glacialis,0.303525143952953,1.46752382637581,,,20.9857287388316,,1.34955466814378
Aciphylla_hectori,,,,,22.688125659651,2286.55962281084,1.78511509828395
Aciphylla_simplicifolia,0.005042,1.63492099536336,0.363363872905513,7.60431830434991,20.2925164197051,,0.858847360627282
Aconitum_delphinifolium,,,,,28.6095847436966,,1.84476462932819
Aconitum_lycoctonum,0.412106006918665,,0.199051476309106,21.280540071183,28.3816723518807,2214.63605434391,1.8328505373472
Aconitum_nasutum,0.42863046902956,2.53821244825707,,,,,
Acrothamnus_montanus,0.0232653700222165,0.481646596804163,,,10.8543617705357,,0.2
Actaea_rubra,0.146157216698505,,0.312771226218861,12.0873482391849,24.1546696506235,2583.47183789823,1.01213155053616
Adoxa_moschatellina,,,,,25.1745160142751,,3.85019976625435
Aegopodium_podagraria,,,,,,,
Agoseris_aurantiaca,,0.798063875955019,0.272191643485897,,18.3895212354862,,0.456265908347046
Agrostis_alpina,,,,,16.7736690720346,,0.2
Agrostis_canina,,,,,,,
Agrostis_capillaris,,,,,,,
Agrostis_clavata,0.401679710474903,,0.301789147739011,27.030594445712,30.6009492086533,142.544181485208,1.31021523322782
Agrostis_gigantea,,,,,,,2.37572309696579
Agrostis_idahoensis,,,0.303914982002984,25.3410910748119,24.5485208752678,100.589183809178,1.61849753115973
Agrostis_mertensii,,,,,,,
Agrostis_muelleriana,,,,,,,0.216545926623944
Agrostis_muscosa,,,,,22.5891702752598,74.0768506701445,1.72905909262703
Agrostis_rupestris,,,,,27.5574077955928,,2.71842874803848
Agrostis_stolonifera,,,,,,,
Agrostis_venusta,0.005042,0.179022705388375,,,16.2325818294573,,0.2
Agrostis_vinealis,,,,,,,
Aira_caryophyllea,0.0567805182857963,0.650817440898619,,,19.7006347871785,,1.00551344998107
Ajuga_orientalis,0.005042,1.34599842489044,,,,,
Ajuga_pyramidalis,,,,,,,
Alchemilla_alpina,,,,,,,
Alchemilla_catalaunica,0.239862362222049,0.522524195990045,,,20.1117091853131,1173.11184961243,1.57591858934869
Alchemilla_caucasica,,0.455063148846053,,,,,
Alchemilla_fallax,0.133947123398768,0.528533253155528,,,,1653.5452353697,
Alchemilla_filicaulis,,,,,,,
Alchemilla_glabra,,,,,23.4406500858273,,3.21435373574362
Alchemilla_glaucescens,,,,,,,2.46835685138135
Alchemilla_glomerulans,,0.446098725251372,0.239203197814423,,24.6603015047524,1612.53891395023,3.16581977527321
Alchemilla_micans,,0.464965343726253,0.271974993349263,18.9995525412196,23.5332021022711,1567.55659831973,2.72090619889611
Alchemilla_monticola,,,,,,,
Alchemilla_murbeckiana,,0.45081812702835,,,,,3.04370632663138
Alchemilla_propinqua,0.444777003043513,0.625752546052864,,,23.9538497416319,,2.91196527974626
Alchemilla_subcrenata,,0.44810632452956,,,24.8952249876697,,3.10527174456475
Alchemilla_subglobosa,0.376357189627948,0.480769173009928,,,24.2340013436778,,3.12045041281052
Alchemilla_vulgaris,,,0.266746731875639,19.5028570431472,24.2753966795759,1938.51662835714,2.8250526372336
Alchemilla_wichurae,,0.449205026369259,,,24.1795761836128,,3.19167194574841
Alchemilla_xanthochlora,0.439498883959767,0.51936624931862,,,,,
Alisma_subcordatum,,,,,,1098.8804667211,2.35987105560991
Allium_geyeri,,1.76255032346781,0.309412671846062,,23.1812401188777,,0.2
Allium_schoenoprasum,,,,,,,1.47192911112098
Alnus_alnobetula,,4.63894969351163,,,22.1860511104396,,1.69535502175576
Alnus_glutinosa,,,,,,,
Alnus_incana,,,,,,,
Alopecurus_aequalis,,,,,22.4154015677188,,3.80584330418885
Alopecurus_geniculatus,,,,,22.522643151725,,3.74934896572437
Alopecurus_magellanicus,,,,,,,
Alopecurus_myosuroides,,,,,22.8484117234466,,2.83897934221275
Alopecurus_pratensis,,,,,,,
Alyssum_montanum,0.147711549989422,1.39228946712183,,,28.043692300151,259.25092409983,2.1412135706924
Anaphalioides_bellidioides,,0.139326451791276,,,20.421788203157,77.5659640899797,2.22547914302908
Anaphalis_margaritacea,,0.204247979679357,0.212053203386055,,21.2329696731772,,2.91282262224989
Andromeda_polifolia,,,,,,,
Androsace_albana,0.005042,0.441631658475679,,,,,0.767423033637607
Androsace_obtusifolia,0.005042,0.451350104166549,,,,96.7397925218366,
Androsace_villosa,0.005042,0.558954449714338,,,16.6706459930267,284.060044346208,0.536958670744379
Anemone_baldensis,0.117782213988206,2.10038568172487,,,22.0084597383487,2111.35883337331,1.60268534088222
Anemone_nemorosa,,,,,,,
Anemonidium_narcissiflorum,,1.85059743315937,,,,,
Angelica_archangelica,,,,,,,
Angelica_grayi,,2.93166508771491,0.421241356527027,,26.5936988101616,,0.2
Angelica_sylvestris,,,,,,,
Anisotome_aromatica,,,,,21.8873993310611,1807.30311859142,1.67435100272044
Anisotome_flexuosa,,,,,,1482.06247249454,1.74492138654783
Anisotome_imbricata,,,,,,1462.39653769743,1.10120353089594
Antennaria_alpina,,0.00467411752,,,,,
Antennaria_canescens,,0.00467411752,,,16.700823396407,,1.65544630108208
Antennaria_dioica,,,,,,,
Antennaria_lanata,,,,,15.7384661610773,,1.73243675722491
Anthemis_cretica,,0.171241713959595,,,,,
Anthemis_marschalliana,0.298879277041664,0.274920373212153,,,,,
Anthoxanthum_alpinum,,0.579833678124652,,,,,1.20845681354217
Anthoxanthum_nitens,,,,,,,
Anthoxanthum_odoratum,,,,,,,
Anthriscus_sylvestris,,,,,,,
Anthyllis_vulneraria,,,,,,,
Anticlea_elegans,,3.88175047848581,0.383561911963115,,25.6848729068984,,0.2
Aquilegia_caerulea,,1.8202365070481,0.521474468442328,,21.6085327808916,,0.2
Aquilegia_vulgaris,,,,,,,3.11909922245383
Arabidopsis_arenosa,,,,,35.959847916854,,3.895175798637
Arabidopsis_lyrata,,,,,38.4283170347147,,4.22645389745054
Arabidopsis_suecica,,0.298385086826183,,,37.7821133222841,,4.9651095264128
Arabis_alpina,,,,,,,
Arabis_hirsuta,,,,,,,2.962389687957
Arctagrostis_latifolia,,,,,,,1.69239542804519
Arctophila_fulva,0.719581769157314,0.504481646068516,0.301655207581145,,,,
Arctostaphylos_rubra,,,,,10.504621074749,,0.843749653044227
Arctostaphylos_uva-ursi,,,,,,,0.647228814969383
Arctous_alpina,,,,,,,
Arenaria_grandiflora,0.0817348843010566,0.378083662079445,,,13.5035511586609,18.1464196500542,1.10188424643823
Arenaria_norvegica,,,0.265188667056971,18.968451271817,12.3065115472399,9.27276083305182,3.63187737983884
Arenaria_pseudofrigida,,0.264361580518324,0.291558743252581,,,,
Arenaria_purpurascens,0.0954061469012257,0.337103008034683,,10.9996336856213,16.6671380193657,24.7821897147797,2.24005033816229
Arenaria_serpyllifolia,,,,,,,
Argentina_anserina,,,,,,,
Argyrotegium_fordianum,0.254553463892467,0.112813758430219,,,21.8125209178322,,1.57054466535341
Argyrotegium_mackayi,,,,,,,1.97249749126176
Argyrotegium_nitidulum,0.005042,0.00467411752,,,28.7925479892204,,4.01475494088773
Armeria_cantabrica,0.138629088430303,1.34038436258177,,,18.7096847918044,109.528668152792,2.16846610760217
Armeria_maritima,,,,,,,
Armeria_scabra,,1.33567137382178,0.19671000129175,13.7825616493851,17.0515129759826,76.9881412926968,2.47205353597315
Arnica_cordifolia,,1.70390813229652,0.270194344998158,,17.6398613799505,,0.842504213724364
Arnica_latifolia,,1.69782225991929,0.275401774599832,,17.4064035014828,,0.763054867860479
Arnica_mollis,,1.41285662615876,0.175734037415411,,22.4495495349671,,2.16962030319942
Arnica_montana,0.224892454930568,,,,,1145.48130090101,
Artemisia_campestris,,,,,,,
Artemisia_norvegica,,0.358865920228892,,,,,2.64408143643363
Artemisia_scopulorum,,0.265422397046053,0.321382335032485,,30.8364236296276,,2.50069186562365
Artemisia_vulgaris,,,,,,,4.90908835275674
Arthropodium_milleflorum,0.206324265830829,7.65530556377622,,,29.0514109829168,,1.90238306246993
Aruncus_dioicus,,,,,22.8599819301331,,5.20792158380001
Asperugo_procumbens,,1.93012161947436,,,37.8185066016308,,5.20792158380001
Asperula_gunnii,0.005042,1.06411495742455,,,18.4827179460607,,0.385037990295934
Asperula_pusilla,0.005042,1.02845782099661,,,21.020756741419,,1.36492457385966
Asperula_scoparia,0.005042,0.925871781023514,,,23.6000955008959,,2.15526768997095
Asplenium_ruta-muraria,,0.667332924706023,,,27.1774340987527,,1.10934620957719
Asplenium_viride,,0.757693197417374,,,,,1.89840147122983
Astelia_alpina,0.503492759178765,2.06707553810661,,,27.6242247566204,,1.69564166803557
Aster_alpinus,,,,,,,
Asterolasia_trymalioides,1.08556647512998,9.1622354005018,,,17.8899567349364,,0.2
Astragalus_alpinus,,,,,,,
Astragalus_frigidus,,,,,,,3.92987189841004
Astragalus_umbellatus,,,,,44.0479977544228,,2.53583527270704
Athyrium_alpestre,,0.564405434108678,,,,,2.93382190045671
Athyrium_filix-femina,,,,,,,4.32994896276261
Australopyrum_velutinum,0.177667714921832,1.17092728313977,,,22.4851458802233,,1.01028169648241
Austroblechnum_penna-marina,,0.99455114870036,,,21.1966388814748,9108.29763242194,2.06009328954815
Avena_sativa,,,,,,,
Avenula_pubescens,,,,,,,
Azorella_fragosea,0.323376158678954,1.99463241795836,,,29.3745980447962,,2.25835927631952
Azorella_selago,,1.91151445379686,,,27.4150283339377,,1.34409991120971
Baeckea_gunniana,0.005042,1.0496038624331,,,23.2227297175678,,1.29839630745282
Baeckea_utilis,0.005042,1.28387931447922,,,17.1947112384967,,0.2
Barbarea_stricta,,,,,38.5281574751884,,5.20792158380001
Barbarea_vulgaris,,,,,35.4509111828229,,5.20792158380001
Bartsia_alpina,,,,,,,
Beckwithia_glacialis,0.146838533932561,1.23833324614076,0.21847664224849,19.6648361703511,27.3271894616253,672.656160669239,2.57241979929233
Bellidastrum_michelii,0.0714948249563034,0.487558109759528,,,,159.542208264677,
Berberis_vulgaris,0.213011021163525,1.81585743678031,,,27.396868427317,577.125831994525,1.54791642999315
Betonica_macrantha,0.943025400644055,1.08022751277679,,,,,
Betula_fruticosa,1.14651391886251,0.983412546236027,0.486960453499472,9.51443762620005,,350.191795895214,0.85127852022776
Betula_glandulosa,,0.904148904427257,,,,,
Betula_humilis,,1.65229196873003,0.419652838598299,13.702696073425,20.9395795547854,191.690876829669,1.43286483538218
Betula_nana,,,,,,,
Betula_pendula,,,,,,,
Betula_pubescens,,,,,,,
Biscutella_laevigata,0.123232136755385,,0.255384879859329,,29.809040425604,538.968808563818,3.08506738706353
Bistorta_bistortoides,,2.67559445914243,0.213533770628497,,31.5019700513273,,2.97003650248072
Bistorta_officinalis,,,,,,,
Blysmus_compressus,0.411640608183033,0.564979467045262,,,,,
Bossiaea_foliosa,0.005042,3.77313505189801,,,26.3790087888665,,0.2
Botrychium_boreale,,2.16825825905355,0.207197883677412,19.4495638672293,29.9247094019887,425.413485389758,2.47057566225993
Botrychium_lanceolatum,,2.1602708767029,0.205564220542878,19.5926491191232,30.5256201687499,548.116898194526,2.5385801056764
Botrychium_lunaria,,2.18688117189115,,,,,
Botrychium_multifidum,,2.16824341259876,0.203913355447558,19.6508447464063,30.6078208128838,511.825576031666,2.5354592971527
Brachyglottis_bellidioides,,,,,24.0197575866561,1823.31293522714,1.76972914850122
Brachypodium_pinnatum,0.381520735148506,1.42265448053227,,,18.3620572930898,401.0927396778,0.576822092515823
Brachyscome_decipiens,0.254546857574944,0.43810769260683,,,23.5451186460045,,2.45446694363857
Brachyscome_obovata,0.005042,0.343499715412406,,,25.1753993371738,,2.80977857776824
Brachyscome_radicans,0.005042,0.402416882830221,,,19.824258556492,,0.969124493996121
Brachyscome_rigidula,0.005042,0.325054499302916,,,20.8220630371673,,1.24320124431735
Brachyscome_scapigera,0.213649852007135,0.383898919165748,,,25.4443561818025,,3.12568030265243
Brachyscome_sinclairii,,,,,,110.721322839386,1.24988389306063
Brachyscome_spathulata,0.005042,0.321202780829336,,,26.0034896493782,,3.17888282410989
Brachyscome_stolonifera,0.005042,0.400472551389975,,,17.6772274322191,,0.2
Bracteantha_subundulata,0.276764104687405,0.91295236773795,,,21.9600072601198,,1.03898082760042
Brassica_napus,,,,,,,5.20792158380001
Brassica_rapa,,,,,,,
Braya_glabella,0.005042,1.30444573474402,0.264635018392965,,,,
Briza_marcowiczii,0.345253555597677,0.698134842466227,,,,,
Briza_media,0.363227561602282,,,,,251.020892875572,
Bromus_diandrus,0.683453808151007,3.09496278119813,,,23.0625271465198,,0.82898008482404
Bromus_erectus,0.522437637502451,2.83224215829547,,,23.6904746633668,639.629952083707,2.14451103737104
Bromus_hordeaceus,,,,,,,
Bromus_inermis,,,,,,,
Bromus_variegatus,,3.21616438968118,,,,,
Buglossoides_arvensis,,,,,20.3039980224944,,0.588399994520122
Bupleurum_ranunculoides,0.331585749173972,2.25111438873459,,,24.9130523487716,1307.23015051293,1.51577446237745
Butomus_umbellatus,,,,,,,2.56544887313804
Calamagrostis_arundinacea,,,,,,,
Calamagrostis_canadensis,,,,,,,
Calamagrostis_canescens,,,,,,,1.8510593084914
Calamagrostis_carinata,0.00595536951159503,0.0826294775875185,,,26.7518921422192,,3.50130830690349
Calamagrostis_crassiuscula,0.226548680759441,0.152647169986716,,,19.6781824431596,,1.15185194458061
Calamagrostis_epigeios,0.69521009412574,0.237336190403832,,,18.4468334347415,1479.38878885313,1.20258459732492
Calamagrostis_epigejos,,,,,,,
Calamagrostis_holmii,,0.175822432625958,,,17.3677736657784,150.794559191221,0.531417200661143
Calamagrostis_lapponica,,,,,,,
Calamagrostis_neglecta,,,,,21.4912388134188,,1.78093871290821
Calamagrostis_purpurascens,,,,,22.6307843877869,,2.14621055478166
Calamagrostis_purpurea,,,,,,,3.15064166246023
Calamagrostis_villosa,0.331179174179318,,0.326344868479993,18.0262628811409,21.7980731775173,415.919449484027,1.94702759960526
Calla_palustris,,,,,,,4.76445228121086
Callitriche_antarctica,,0.331116040974012,,,24.3917054170132,,2.75680957043886
Callitriche_brutia,,0.118474305138161,,,32.6482950359713,,5.20792158380001
Callitriche_hermaphroditica,,,0.176478495084354,63.54680687428,29.1510790865719,122.129822295852,4.36362019472541
Callitriche_palustris,,,,,32.2878757759432,,5.20792158380001
Calluna_vulgaris,,,,,,,
Caltha_introloba,0.005042,1.00651867962472,0.323433989930959,12.4609585512582,27.3356661487451,,0.2
Caltha_leptosepala,,1.13735466455872,0.306418988607623,,28.4432213960113,,0.2
Caltha_obtusa,,1.09077477004403,,,31.1789576564945,1755.52481453314,0.279385085840008
Caltha_palustris,,,,,,,
Calypso_bulbosa,0.200146807188848,,0.153027909313117,28.1498135401267,33.5705956461193,620.015184344467,3.14908669493371
Campanula_barbata,,,,,,175.309924021933,
Campanula_collina,,0.256123584648034,,,,,
Campanula_glomerata,,,,,,,3.49872010035481
Campanula_latifolia,,,,,33.4897261825105,,5.20792158380001
Campanula_parryi,,0.103264886977082,0.296763622307915,,29.3830583155762,,1.49903469364294
Campanula_patula,,,,,,,4.53697264450574
Campanula_persicifolia,,,,,,,2.28872168953579
Campanula_rapunculoides,,,,,31.7841020594465,,5.16909479871565
Campanula_rotundifolia,,,,,,,
Campanula_scheuchzeri,0.713623199075541,0.0537053571986013,,,,180.308339032929,
Campanula_tridentata,,0.17383571909411,,,,,
Campanula_uniflora,,0.0914331288717225,0.268912968391532,18.1558118532732,25.7779483848651,,2.01889625811115
Cardamine_amara,,,,,37.6488445024352,,5.20792158380001
Cardamine_bellidifolia,,,,,33.2799788384607,,2.859603637616
Cardamine_corymbosa,,,,,32.2144304254745,254.302397234035,3.60171381016783
Cardamine_digitata,,0.513590343891711,,,24.4320132129236,,1.34392943064215
Cardamine_flexuosa,,,,,36.8484802970589,,5.20792158380001
Cardamine_lilacina,0.005042,0.338174452156092,,,32.5119280846579,,3.54923401443458
Cardamine_pratensis,,,,,,,
Carduncellus_mitissimus,0.236516594621193,0.878830232082954,,,23.3839648254646,383.06787263687,1.52441756992696
Carduus_crispus,,,,,28.4204155319563,,2.31732209652529
Carex_acuta,,,,,,,
Carex_albonigra,,0.726585124855659,0.393454597396123,,20.9031633285199,,0.697675217236865
Carex_appressa,0.791454755611833,0.985337856436335,,,21.1897511246605,,2.02000859993081
Carex_appropinquata,,,,,23.2659177500507,,2.44806865153646
Carex_aquatilis,,,,,,,
Carex_arctogena,0.005042,0.776512549491454,,,18.6963078671479,,0.676818549591369
Carex_atherodes,,0.806935196906915,,18.1519686518638,23.6259844244442,474.599200706259,2.12599928568619
Carex_atrata,,,,,,,
Carex_atrofusca,,,,,,,
Carex_austrocompacta,,1.00295041894887,,,18.8152942409074,,1.4891192161446
Carex_austrosulcata,0.103774543786881,0.771427314082862,,,24.4268867660755,,2.85741137945705
Carex_bicolor,,,0.335576691960956,20.179096633898,19.8418285717799,287.566942714733,1.39396800339952
Carex_bigelowii,,,,,,,
Carex_brevicollis,0.17000956862704,0.833566063946435,,,21.1938654713593,202.672493483526,1.75006870546545
Carex_breviculmis,0.174437478727113,0.836919586282883,,,20.7283437553177,,1.59016228157355
Carex_brunnescens,,0.703219862835987,,,11.0753681338502,,0.379696225105072
Carex_buxbaumii,,,,,24.8362812066802,,2.18504685224812
Carex_canescens,,,,,,,2.62474207161189
Carex_capillaris,,,,,20.4388731391744,,0.500902332782794
Carex_capitata,,,0.241183398386195,,,,3.24279139246633
Carex_caryophyllea,0.275065667685666,0.958596364754635,,,19.5809220279753,307.645591446458,1.08958024722451
Carex_cephalotes,,,,,20.3217487476403,118.76776046447,1.45871976542568
Carex_cespitosa,,,,,,,2.61554762838864
Carex_chordorrhiza,,,,,20.1934942701073,,2.36738598914821
Carex_curvula,,0.732648207188642,,,,,
Carex_diandra,,,0.39504548956922,,19.1572167602817,,1.98630566360957
Carex_digitata,,,,,,,
Carex_dioica,,,,,,,
Carex_disperma,,0.82811823506681,0.355297186208905,18.8376779190188,20.9668462431649,328.020811034806,2.27299818273771
Carex_ebenea,,0.894228883082885,0.291943082588872,,22.076648183412,,2.38528023469937
Carex_echinata,,,,,19.7506119477151,,2.30161445999361
Carex_elata,,,,,,,
Carex_elongata,,,,,25.2629305781275,,4.57730331204569
Carex_ericetorum,,,,,19.2778387329998,,1.00081709783599
Carex_firma,,,,,18.7154549051013,,0.637761557732991
Carex_flava,,,,,,,
Carex_foenea,,0.838414802339775,0.395648901781283,,17.7972211971779,,1.9264317184295
Carex_fuliginosa,,,,,,,
Carex_gaudichaudiana,0.276860735704256,0.533646731741378,,,35.202719599667,,5.20792158380001
Carex_glacialis,0.271584984569717,0.901938414603079,0.349603000752431,17.5950600895439,20.1993288917833,379.131365939706,1.37074502054574
Carex_globularis,,,,,,,1.80698968919169
Carex_hebes,0.0592426735507907,0.836990188093656,,,18.4430736461836,,0.712573165474246
Carex_heleonastes,,0.491974362664022,0.408946855680003,16.4702268316478,18.9996538290699,124.950547993108,1.73833158573544
Carex_holostoma,0.25286623273464,0.69802833349509,0.341633626938983,14.0533413494268,23.0028912280742,588.392556375926,1.44877489054807
Carex_humilis,0.163244186079669,0.860030261744857,,,19.8067531550427,181.723065020819,1.24958965765606
Carex_lachenalii,,,,,19.9756525033614,,2.01738360972963
Carex_lasiocarpa,,,,,,,0.326020536246651
Carex_leporina,,,,,22.6391114088974,,2.40826939152592
Carex_limosa,,,,,25.0575959845918,,1.6517811752341
Carex_livida,,,0.332467452989781,20.4623940106713,20.6999788821417,403.193821865953,1.49595657393627
Carex_magellanica,,,,,25.143599693303,,2.17250493966914
Carex_marina,0.167673370802841,0.474648864389733,0.386767086392982,,,,
Carex_microchaeta,0.164285017262162,0.60927593165894,0.393592650210413,,19.5372200101866,313.946585154707,1.6265123732953
Carex_microglochin,,,0.387774323596289,16.3873403235518,19.9691258465179,,1.02058938208175
Carex_mucronata,,,,,18.5423074115035,,0.243225813548653
Carex_muricata,,,,,21.2775419859698,,3.17089533507706
Carex_myosuroides,,,,,,,
Carex_nardina,0.005042,0.737631186514101,0.28103453830573,,,,
Carex_nigra,,,,,,,
Carex_norvegica,,,0.418532943612695,,23.5680229111702,,0.452573702793535
Carex_nova,,0.630188315718977,0.302728266498246,,24.9922557570513,,1.99002402560098
Carex_oederi,,,,,,,
Carex_oreophila,,0.823445043240836,,,,,
Carex_ornithopoda,,,,,22.4632303528583,,2.43855233153697
Carex_pallescens,,,,,,,
Carex_panicea,,,,,,,
Carex_parallela,0.0213091740050226,0.873871005144992,0.395126275294765,13.0041941563388,,153.813157082318,
Carex_parviflora,,,0.363362729499738,,23.8022884526047,255.329119303917,1.11040443163375
Carex_pauciflora,,,,,21.1898370110424,,1.99808340533666
Carex_pilulifera,,,,,,,
Carex_pyrenaica,0.005042,0.746184328474832,,,,,
Carex_rariflora,,,0.314915279568497,23.3086631014343,25.7466275081299,,1.76718719400729
Carex_rossii,,0.815490321833001,0.418604734451062,,18.4779064785452,,0.613295722160108
Carex_rostrata,,,,,,,
Carex_rotundata,,,,,21.4575013451547,,0.2
Carex_rupestris,,0.948623929046964,,,,,
Carex_saxatilis,,,,,,,
Carex_scirpoidea,,1.02384925216128,0.385516760264526,20.9734531869183,19.2100189848417,843.351896854002,1.5090979089182
Carex_scopulorum,,0.587582251166213,0.345799616095275,,21.0432230625404,,2.48320992034254
Carex_sempervirens,,,,,,,
Carex_simpliciuscula,,,0.321538004071308,18.4511846988636,21.8031658673716,168.215020838654,1.93440034117481
Carex_subspathacea,0.124505876294852,0.387561795790006,0.346482379631494,19.6275704293006,,1728.39918884558,
Carex_supina,,0.841266486843051,0.352749269358961,,20.4289256033847,168.718199209802,1.53138747853371
Carex_tenuiflora,0.13174627166119,0.512656265692384,0.460645458498796,12.8120616116384,,85.9390536194106,
Carex_umbrosa,,1.11730303984595,,,,,
Carex_utriculata,,,0.398900677107977,,,,0.20283951541517
Carex_vaginata,,,,,,,
Carex_vesicaria,,,,,,,1.05917156735208
Carlina_acaulis,0.669008592164505,2.35205942517029,,,,3350.70393317358,
Carpha_nivicola,0.312011001163387,0.479868085900927,,,17.1410215370081,,0.824889404202956
Carum_carvi,,,,,,,
Carum_caucasicum,,2.20267890773163,,,,,
Carum_meifolium,,2.08033960598672,,,,,
Cassiope_hypnoides,,,,,,,
Cassiope_tetragona,,,,,,,
Castilleja_elegans,,1.00454995087669,,,21.270223242152,,1.27982395683495
Castilleja_occidentalis,,0.882136987770427,0.333710591593596,,22.8090663222969,,1.56720070977559
Catabrosa_aquatica,,,,,25.0206192798644,,4.16106679904713
Catabrosella_variegata,,1.10358805797245,,,,,
Celmisia_argentea,,0.596494589122961,,,14.8447076300063,230.883747931045,0.841324990886169
Celmisia_brevifolia,,0.627046849865195,,,,228.148539450618,0.2
Celmisia_costiniana,0.203267373782043,0.675350597492299,,,13.0508173759399,,0.243518472983202
Celmisia_gracilenta,,,,,16.9244775524788,352.598956676999,1.50391200540825
Celmisia_haastii,,,,,16.4431333751988,350.055018102199,1.32491837615781
Celmisia_laricifolia,,,,,,148.183006403056,0.36208837933249
Celmisia_prorepens,,,,,16.7743163443758,509.220411842029,1.56755865650121
Celmisia_pugioniformis,0.0991399783104159,0.650505794349506,,,13.086082314556,,0.2
Celmisia_sessiliflora,0.005042,,,,,142.399922769408,0.2
Celmisia_viscosa,,,,,11.9923287208284,272.022588836872,0.2
Centaurea_jacea,,,,,,,
Centaurea_montana,,,,,,,
Centaurea_phrygia,,3.86163238916385,0.198347492051879,18.7489770655044,23.8067974798125,2980.63062500687,2.2389894508476
Centaurea_scabiosa,,,,,,,
Centaurium_erythraea,0.134653092271509,0.440502247111002,,,22.3328794567616,,1.51798790898942
Cerastium_alpinum,,,,,21.2281751298561,,2.52162921273436
Cerastium_arcticum,,,0.2365905253155,,,,
Cerastium_arvense,,,,,,,
Cerastium_cerastoides,,,,,,,
Cerastium_fontanum,,,,,,,
Cerastium_glomeratum,,,,,,,
Cerastium_latifolium,,0.153028643194815,,,20.2514951436005,,2.52772061151257
Cerastium_purpurascens,0.243644449299522,0.263548702899678,,,,,
Cerastium_regelii,,0.312191141397155,0.211591658006005,23.2157461236314,20.7500783580371,34.7122375453282,2.36965139945794
Cerastium_uniflorum,,,,,28.8820235255932,,3.00281537544029
Ceratophyllum_demersum,,,,,32.9017682244805,,3.03732004925875
Chaerophyllum_australianum,0.005042,2.73935037252335,,,20.7485194209752,,1.04628867530614
Chaerophyllum_bulbosum,,,,,28.610660272269,,2.76124930297641
Chaerophyllum_colensoi,0.005042,2.69325097307447,0.297722753223699,10.3675455423224,,156.801431709808,1.0485857607262
Chaerophyllum_eriopodum,0.005042,2.83421545074989,,,20.8582489146362,,1.1410530912069
Chaerophyllum_hirsutum,0.213503197245208,3.76334741618152,,,,2370.2342412516,
Chaerophyllum_pulvinificum,0.005042,2.40944411129679,,,23.0053969610578,,1.57228499188266
Chaerophyllum_roseum,0.391674547171933,2.62395624747178,,,,,
Chaerophyllum_villarsii,0.201823473129996,,0.220523533595168,20.3335014664188,27.69207553896,2210.66759368279,3.23894613929948
Chamaedaphne_calyculata,,,,,,,
Chamaesciadium_acaule,0.005042,2.04806023621705,,,,,
Chamorchis_alpina,,,0.158090742753733,24.4200899462043,32.4419778007047,324.190916405111,2.7284956779856
Chenopodium_opulifolium,,,0.159087999958125,19.7847670769981,25.7858571197175,,3.3772840349192
Chenopodium_suecicum,,,0.173147544219363,18.4385042544016,25.3441582213467,376.441847354515,3.24108505398704
Cherleria_circassica,,0.385844063923123,,,,,
Cherleria_obtusiloba,,0.312907315290253,0.261299171928018,,27.464346532195,,2.44330607396142
Chimaphila_umbellata,,0.316084398169844,0.414868806339062,,14.6979552658986,,0.304473838484891
Chionochloa_frigida,0.786156419153722,0.928446088378461,,,13.1688416049897,,0.289517737412301
Chionochloa_macra,,0.926734430507645,,,,1834.27415126836,0.2
Chionophila_jamesii,,0.734406130200913,0.26769868823609,,18.1269076897325,,1.14686455526693
Chrysosplenium_tetrandrum,0.005042,0.217486988684897,0.179302994528493,,,,
Cicerbita_alpina,,0.639506715770076,,,,,
Cicerbita_racemosa,0.380579486918858,0.587674787811307,,,,,
Cicuta_virosa,,,,,31.0301155127437,,3.93860897838572
Cinna_latifolia,,,0.330908308119612,23.1000661046788,24.7925315419419,882.572161406506,2.55023033630727
Circaea_alpina,,,,,23.7419173880514,,4.13784272007526
Cirsium_arvense,,,,,,,
Cirsium_heterophyllum,,,,,,,
Cirsium_palustre,,,0.134163853553135,,,,
Cirsium_simplex,0.400270269759946,2.01599578625742,,,,,
Cirsium_spinosissimum,0.89222773516143,,0.179681843627617,15.4741193274588,25.008396367009,5114.61959622179,2.24064259436614
Cirsium_vulgare,,,,,,,
Clinopodium_alpinum,0.236420666062604,0.298884141654293,,,14.6169688241611,191.973285907817,0.651604644209068
Cochlearia_groenlandica,0.005042,1.00743650315047,0.108730923351337,,,,
Colchicum_montanum,0.280230061349443,3.2536159563917,,,27.7286599129225,848.050645812964,1.34502280551066
Colobanthus_buchananii,,,,,20.1559499680375,14.440241160407,3.67666976188917
Colobanthus_kerguelensis,,0.131496874203049,,,17.7444540576505,,3.15106859551454
Colobanthus_nivicola,0.005042,0.0815630682234103,,,17.3009718971005,,2.60376135268632
Colobanthus_strictus,,,,,18.2284829142955,18.4301774441991,2.92178697360801
Colobanthus_subulatus,0.005042,0.13027540679998,,2.83234235277,9.27993,,0.2
Comarum_palustre,,,,,,,
Comastoma_tenellum,,0.551433835315308,0.243201156726917,17.5497783024451,21.6226040322333,315.073027251135,1.48783210846783
Convallaria_majalis,,,,,,,2.64489220560557
Coprosma_cheesemanii,0.005042,,,,19.6292382897553,13.847524459574,0.762904457952673
Coprosma_niphophila,0.005042,3.61651652336806,,,19.6016681030867,,0.565622947494047
Coprosma_perpusilla,,,,,19.8287217927315,8.65915149205722,0.623877190757678
Corallorhiza_trifida,,0.0669044261233531,0.156663550362233,27.7866140787421,33.3982246505038,636.488218214944,3.10969948176662
Cornus_suecica,,,,,,,
Coronidium_elatum,0.122898727800692,0.1693398230208,,,21.2882285871977,,3.20704536106953
Coronidium_scorpioides,0.142757146360544,0.215126883800336,,,17.4543407480168,,1.85325729305303
Corydalis_conorrhiza,,3.23673411846318,,,,,
Corydalis_intermedia,,2.94985291668038,0.176754898947466,28.1175394530925,51.08417063041,547.859907452511,4.84185819536515
Corylus_avellana,,,,,,,
Cota_tinctoria,,,,,,,1.33095913909682
Cotula_alpina,0.005042,0.500824427743835,,,22.3495711180114,,1.06617567485183
Craspedia_alba,0.005042,0.189664570797113,,,13.2755855930205,,1.8473334488676
Craspedia_aurantia,0.375204121445911,0.28669978825575,,,14.2559514454808,,2.39036652339138
Craspedia_costiniana,0.512546856060355,0.260035623170445,,,18.1673660076016,,3.84667673729096
Craspedia_lamicola,0.365461897954476,0.243720046455444,,,17.479094783986,,3.53673694674506
Craspedia_lanata,0.167137497948386,0.250234711249769,0.233211174559616,15.281280858457,,328.695270681658,2.10625039627422
Craspedia_maxgrayi,0.551471490288537,0.324210856780283,,,13.7320849512274,,2.27913023398476
Crassula_aquatica,,0.427068589687243,0.299907139799693,13.1365822301804,17.2806168259027,,0.2
Crassula_moschata,,0.523273001822854,,,20.6532554092345,,2.01827011668193
Crepis_albida,0.605780147556755,1.10599535981192,,,21.6509712601798,2219.68341344773,1.81482093675918
Crepis_alpestris,0.529032875337824,,0.146660176685678,32.6932492069673,24.8378678546171,1052.58156903462,2.75024254470033
Crepis_aurea,0.769966145673065,,,,,4731.88491571071,
Crepis_capillaris,0.411235504475697,0.692792926001227,,,25.1073579502925,,2.83499476499661
Crepis_caucasica,0.931366376145342,0.807604189798744,,,,,
Crepis_paludosa,,,,,,,
Crepis_tectorum,,0.717860360714534,,,,,0.681011500341124
Cruciata_laevipes,0.269489473505818,1.11229768938064,,,,,
Cryptogramma_crispa,,0.875376767842141,,,23.3951826981668,,2.07099865881904
Cyanus_cheiranthifolius,0.422654040036979,4.60474774517561,,,,,
Cyathodes_fraseri,,0.439542472585378,,,14.4669507073183,11.7301686761342,0.881657765523214
Cymopterus_lemmonii,,2.97914974196986,0.399211045853758,,24.3757721743935,,0.2
Cypripedium_calceolus,,0.259814310410438,0.16744679610617,24.2328159205399,32.6716543030952,609.668284073416,2.7876690330211
Cystopteris_alpina,,0.742958458195294,0.278687617185137,32.6511255495755,26.0694808020867,1384.44059433553,3.07041624235628
Cystopteris_fragilis,,0.683697951728687,,,,,
Cystopteris_montana,,0.742744133919626,0.278608030278757,32.6580962109721,26.0987552760747,1401.6156105469,3.07372920398051
Cystopteris_sudetica,,0.768055416116984,0.316071927335443,,24.9259243176543,1431.4789841486,2.57484355596352
Dactylis_glomerata,,,,,,,
Dactylorhiza_euxina,0.0957288751271674,0.0223744671950408,,,,,
Dactylorhiza_fuchsii,,0.00467411752,,,,,3.60810076791816
Dactylorhiza_incarnata,,0.0643162548893914,,,31.5231041591127,,3.09033508956503
Dactylorhiza_lapponica,,0.0232990085877198,0.136129361251288,23.9030123537161,32.160358608363,1038.17330336804,3.09074212589759
Dactylorhiza_maculata,,,,,34.2822277277272,,3.25593718106694
Dactylorhiza_majalis,,0.00467411752,,,34.4840350100947,,3.39685844115722
Dactylorhiza_viridis,,,,,,,
Danthonia_intermedia,,0.689712635159571,0.432722765737494,,15.7186430736339,,0.2
Daphne_laureola,0.599798808846475,39.5965719546203,,,17.6671075415321,157.85435742229,1.03283943018348
Daphne_mezereum,,,,,,,
Dasiphora_fruticosa,,,,,,,
Delphinium_elatum,,,,,30.8434290793013,,2.46739593968235
Delwiensia_pattersonii,,0.913718049439968,0.372842959430244,,18.0953217917476,,0.2
Deschampsia_alpina,,0.713714383872794,,,,,
Deschampsia_atropurpurea,,0.619266736985859,,,21.1263548043597,,2.45412746453048
Deschampsia_cespitosa,,,,,,,
Deschampsia_flexuosa,,,,,,,
Dethawia_splendens,0.414814667147023,2.96992760498332,,,26.7438884419368,3301.8053908818,0.279950225368126
Dianella_tasmanica,1.27064546812476,4.36413073350199,,,25.4853771554598,,1.08013941299526
Dianthus_deltoides,,,,,,,1.61251858967788
Dianthus_plumarius,,,0.297189225493327,18.5717882901578,22.4310250502952,,1.72535397708708
Dianthus_superbus,,,,,,,3.18146141539701
Diapensia_lapponica,,,,,,,
Dichosciadium_ranunculaceum,0.13671737102931,2.11103497698303,,,28.9094045895855,,2.52686397149272
Diphasiastrum_alpinum,,2.49243575402258,,,9.27993,,0.2
Diphasiastrum_complanatum,,2.66534051618521,,,,,
Dodecatheon_meadia,,0.581986483857073,0.356677294055922,,16.4508286054484,,0.206402855165792
Dolichorrhiza_caucasica,0.677503405345338,0.30561262950744,,,,,
Draba_aizoides,0.140642327781284,,0.16261619696622,21.236890714675,28.8084530736246,33.3647629955643,2.08087238330956
Draba_alpina,,0.207112755615709,0.10562022836379,22.9300413990071,27.139858916733,30.0961981747625,3.02644995216111
Draba_aurea,,0.346692347265401,0.268803707403363,,22.8956762344362,,0.665263298916223
Draba_cinerea,,0.184637742079712,0.13254734668696,20.8631278227395,27.0256641982057,28.2042819357029,2.60988319925583
Draba_fladnizensis,,,0.101259474094836,23.2529362192003,27.0406719639329,29.2179137736506,3.08839676385727
Draba_glabella,,0.199486957506247,0.0865271999385245,,,,
Draba_hispida,0.260339784343763,0.22372467639286,,,,,
Draba_incana,,,0.128592091082493,21.2480475592231,27.4788333536609,31.464484921299,2.67826235983021
Draba_norvegica,,0.153564022592853,0.131128689996336,21.0061604124613,27.0588587506864,27.4138131202708,2.62197855130569
Draba_oxycarpa,,0.205838370301578,0.104936611353236,22.9899163573669,27.3913139525353,33.5675021887922,3.05490685574792
Draba_streptocarpa,,0.291370791763941,0.311827590322797,,22.1197693985764,,0.2
Dracophyllum_muscoides,,,,,,3.92143402676359,0.2
Drosera_anglica,,,,,12.8223220076825,,1.86160165352781
Drosera_arcturi,0.218138891995107,0.615436552335534,,,14.3685918066672,,0.237596056957892
Drosera_rotundifolia,,,,,,,
Dryas_integrifolia,,,,,,,
Dryas_octopetala,,,,,,,
Dryopteris_affinis,,1.0342366334379,,,,,3.30209291250068
Dryopteris_carthusiana,,0.946611201092663,,,,,3.56079912434046
Dryopteris_expansa,,1.09050015497901,,,22.1695777211364,,3.14827989916831
Dryopteris_filix-mas,,1.11685025361368,,,21.2787354169595,,3.07284567393305
Dryopteris_fragrans,0.743917980770645,1.11671899327148,0.368138607323452,,17.4688179815321,25648.4967695482,1.57216322327613
Echium_vulgare,0.675485854538241,3.57558101968309,,,26.196157762595,,3.08292184325284
Elatine_hydropiper,,,,,31.0982185493423,,2.69445885637327
Eleocharis_acicularis,,,,,31.5311251499317,,5.20792158380001
Eleocharis_macrostachya,0.298126019452808,,0.292111094972152,20.6853097098613,21.2841621153666,122.32035324872,2.12118809308857
Eleocharis_mamillata,,,0.309302696911794,18.9675776705061,20.4767882994988,139.117019011808,1.93568099312136
Eleocharis_palustris,,,,,,,
Eleocharis_quinqueflora,,,,,19.5438264308744,,1.46929066838815
Elodea_canadensis,,0.594768620856641,,,,,1.50333815558097
Elymus_caninus,,,,,24.8047896335249,,1.36521307069057
Elymus_mutabilis,,3.05307636183918,,,26.0079715182573,,1.99077822430918
Elymus_repens,,,,,,,
Elymus_scribneri,,4.25387465762669,0.446846407966958,,17.040859748819,,0.2
Empetrum_nigrum,,,,,,,
Empodisma_minus,0.005042,1.14217048253922,,,17.5989562944198,,0.2
Epacris_glacialis,0.005042,0.231180678595965,,,13.3287121517417,,0.255284645946443
Epacris_microphylla,0.005042,0.24023913034771,,,12.236159617982,,0.2
Epacris_paludosa,0.005042,0.234631308521108,,,15.4388160813011,,1.0403934682184
Epacris_petrophila,0.147025216657124,0.261197118625241,,,12.4361284861734,,0.2
Epilobium_alsinifolium,,,0.211200363770837,,,,2.43392680477275
Epilobium_alsinoides,,,,,16.9980400788251,85.2454950003043,1.67422081431298
Epilobium_anagallidifolium,,,,,10.3027651763827,,0.699152475326978
Epilobium_angustifolium,,,,,,,
Epilobium_ciliatum,,,,,19.4320559542724,,3.50882340477287
Epilobium_collinum,,,0.203525066311637,24.963018779468,20.1492034579601,137.076448963177,2.6451805013257
Epilobium_gunnianum,0.292732388989323,0.00643346499288588,,,26.479345479929,,5.05587273329456
Epilobium_hornemannii,,0.0827954058291078,0.20682025260364,24.6546471367047,19.4513220008255,106.519308135165,2.55742707343231
Epilobium_komarovianum,,0.0951026628066465,,22.0061027853252,17.8699009399004,82.2455693811144,2.02742112587539
Epilobium_lactiflorum,,,0.20615677726648,24.7211216623734,19.4777424425114,105.734725070792,2.56413095865072
Epilobium_latifolium,,,0.248539470291345,,,360.327523585224,
Epilobium_montanum,,,,,13.5466922829873,,2.86228151153732
Epilobium_palustre,,,,,,,
Epilobium_sarmentaceum,0.169219927628389,0.104674568632914,,,17.9608415469307,,1.92229333557193
Epilobium_tasmanicum,,0.00467411752,,,,,1.74245553316306
Epipactis_atrorubens,,,,,,,2.7215916006165
Epipactis_helleborine,,,,,,,4.22710114213917
Equisetum_arvense,,1.75703909616701,,,,,
Equisetum_fluviatile,,2.22931632850122,,,,,
Equisetum_hyemale,,2.06386945415174,,,,,
Equisetum_palustre,,1.82474717451252,,,,,
Equisetum_pratense,,1.60900428606226,,,,,
Equisetum_scirpoides,,1.96906712298986,,,,,
Equisetum_sylvaticum,,1.87766509196217,,,,,
Equisetum_variegatum,,1.88135946521298,,,,,
Erechtites_gunnii,0.0739763190748406,0.319731154513997,,,29.1995222999467,,1.85109626452138
Eremogone_fendleri,,0.359035612301073,0.29702708329776,,19.1589645172369,,1.71271227525729
Eremogone_lychnidea,,0.420716795066461,,,,,
Erica_tetralix,,,,,,,
Erigeron_acris,,,,,30.7963069660282,,3.26113083186885
Erigeron_alpinus,0.155415924884877,,,,,,
Erigeron_bellidioides,0.0973784022120263,0.517904400678467,,,21.7875982130881,,1.29805345560378
Erigeron_borealis,,,,,35.7844038214967,,3.79215184874451
Erigeron_caucasicus,0.25239683957266,0.16592314402674,,,,,
Erigeron_eriocephalus,0.139640994133089,0.215114071380851,0.242499837885947,14.9926987721148,26.9727773545499,207.156404976961,2.25016326071041
Erigeron_grandiflorus,,0.180606832871688,0.248891784121769,,30.4743514908436,,2.49451136140755
Erigeron_humilis,,0.172750564705559,0.297111551382623,,,,
Erigeron_melanocephalus,,0.169623947286675,0.234973900638414,,27.6563847789874,,2.34453914245966
Erigeron_peregrinus,,0.30743189310224,0.209379209190272,,27.3373585918543,,2.7426719242961
Erigeron_pinnatisectus,,0.252822528100625,0.338108837142013,,25.2913638311927,,1.15680988132277
Erigeron_uniflorus,,,,,,,
Eriogonum_arcuatum,,1.51625791152506,0.253907620237786,16.6729158003452,26.84506624896,,2.18368845864973
Eriophorum_angustifolium,,,,,,,
Eriophorum_gracile,,,0.305302435090616,13.6342487287641,27.4039846831249,503.45401448018,2.28855625563094
Eriophorum_latifolium,,,,,28.0837842895191,,2.38594536409274
Eriophorum_scheuchzeri,,,,,,,
Eriophorum_vaginatum,,,,,,,
Eritrichium_caucasicum,0.0396220258228088,4.81413083615051,,,,,
Eritrichium_nanum,,4.62525373528876,0.43405243437506,,11.2673967416916,,0.2
Eryngium_bourgatii,0.291415402712128,2.19108867063642,,15.7220077024193,28.0232567775264,944.573788370878,2.43852696873794
Erysimum_capitatum,,0.268233257390766,0.394231881145827,,29.53071024821,,1.54479970644399
Erysimum_cheiranthoides,,,,,,,4.0729474849558
Erythranthe_lutea,,,0.187171870232262,27.3944270413883,27.1904503805689,,2.78817992993422
Erythronium_dens-canis,0.233238778319658,5.1432117411628,,,29.0486932848968,279.005126429802,2.26397717726642
Euphorbia_drummondii,0.0662652622227866,1.78825048460015,,,26.4829228995399,,0.849950666941114
Euphorbia_flavicoma,0.142329197952963,1.84442506902024,,,24.64215267955,16.1839241210276,0.249143697933875
Euphorbia_pyrenaica,0.140809986289792,1.85764129286861,,,24.5779055927525,17.5154532316853,0.220744876844317
Euphrasia_collina,0.153298858284465,0.349256711424056,,,44.9518953001267,,3.00297399194659
Euphrasia_hyperborea,0.536621271119486,0.280618897620948,0.0392,35.3246766400131,,142.677825389971,5.20792158380001
Euphrasia_nemorosa,,,,,52.0687638519354,,3.31554358429843
Euphrasia_officinalis,0.235785936135686,,,,,37.0575547143979,3.8541666207816
Euphrasia_ossica,0.005042,0.361849722873138,,,,,
Euphrasia_salisburgensis,,0.408236945727688,,,40.436149518504,,2.26742462592669
Euphrasia_scabra,0.462316717569838,0.478089073490829,,,33.7958302385494,,0.2
Euphrasia_stricta,,,,,49.3723452157741,,3.11106799824585
Euphrasia_wettsteinii,,,,,,,
Eutrema_edwardsii,0.224092498052174,1.36138267280799,0.282914862765865,13.7482163914156,,203.200911018359,
Ewartia_nubigena,0.005042,0.078979426063537,,,19.1448736004787,,0.85468286202959
Fagus_sylvatica,,,,,,,
Fallopia_convolvulus,,,,,,,3.27622862698363
Festuca_altissima,,,,,,,5.20792158380001
Festuca_baffinensis,,,,,,,
Festuca_brachyphylla,,,,,,,
Festuca_brunnescens,,0.74046926175575,,,,,
Festuca_burnatii,0.142676015400191,0.730533260586823,,,15.9950011146773,100.554674148075,1.36449600054468
Festuca_halleri,,0.602031500362751,,,15.8657599835964,,0.727881520001865
Festuca_hystrix,0.203527270226648,0.833704876882159,,,13.9157593832845,111.278743493198,0.961529180634242
Festuca_madida,,0.716333439528845,,,17.2250478698682,110.00648694673,1.908087010682
Festuca_nigrescens,0.145408000833892,0.730122504432931,,,17.6344144958104,160.385172292546,1.9340683989462
Festuca_ovina,,,,,,,
Festuca_quadriflora,,0.681911290192292,,,15.0987497172406,,0.44231999455778
Festuca_rubra,,,,,,,
Festuca_subverticillata,,0.662988647858459,,,17.2810719554002,,1.72387079417632
Festuca_trachyphylla,,,,,12.4402404534843,,0.593289024812405
Festuca_varia,,0.871689007607106,,,,,
Festuca_vivipara,,0.768823949240809,,,,,
Festuca_viviparoidea,0.0860414501403664,0.741100194460594,0.428433412473762,11.1185037210202,,94.0692499468598,1.14791219892505
Filipendula_ulmaria,,,,,,,
Fragaria_vesca,,,,,,,
Frangula_alnus,,,,,,,
Frasera_speciosa,,0.763432231832853,0.207755177251256,,21.0231294387998,,1.99144835729325
Fritillaria_collina,0.352789892014286,6.45440674947136,,,,,
Fumaria_officinalis,,,,,,,4.79764315693037
Fumaria_vaillantii,,,,,52.0687638519354,,5.20792158380001
Gagea_bohemica,,4.91761360035176,,,,,
Gagea_serotina,,5.12625489915557,,,,,
Galeopsis_bifida,,,0.0884737906899244,36.4670275452253,34.32311791044,,3.95331227758337
Galeopsis_speciosa,,,,,,,3.02888964191882
Galeopsis_tetrahit,,,,,,,2.48227558921689
Galium_album,,0.947072881723218,,,,200.355217066373,
Galium_anisophyllon,0.185087206416593,,0.195484080024778,26.1121128057036,23.1444610584127,15.7397578878356,2.18599529592904
Galium_aparine,,,,,,,
Galium_boreale,,,,,,,
Galium_odoratum,,,,,,,3.70152944498763
Galium_palustre,,,,,23.9555921398111,,2.52561895818099
Galium_spurium,,,0.234960194313185,22.1156068901435,22.6481152091627,43.5855209963889,1.89049388075695
Galium_trifidum,,,0.192994506604853,28.826421084471,23.6627580643464,22.0904147768657,2.41859830668739
Galium_triflorum,0.272641571544466,,0.205044812447037,,,,2.44354189565722
Galium_uliginosum,,,,,,,
Galium_verum,,,,,,,
Gaultheria_depressa,,,,,15.0469007202642,47.4260968116866,1.20713656137828
Gaultheria_nubicola,,,,,13.9170945154645,38.1923459702527,0.835557004899495
Genista_balansae,,,0.305712341675706,,29.4464279294922,1589.061606782,1.42919429655349
Genista_hispanica,0.514177053442647,11.4188157212496,,,27.1510585864977,1429.61617256817,0.669506880859938
Genista_hystrix,0.512885118924273,11.390912585207,,,26.1247912416317,1019.25506115089,0.316106791460926
Gentiana_acaulis,0.005042,0.221842353033253,,,,61.3510643721035,
Gentiana_algida,,0.391565254111504,0.298588714446179,,19.0696400295967,,0.893102478760871
Gentiana_angustifolia,0.127629723536523,0.293165485666688,,,20.8746725996668,118.369524431192,1.09137329444209
Gentiana_bavarica,0.247949615525919,0.198538514029709,,,,71.6085282578666,
Gentiana_nivalis,,,,,,,
Gentiana_punctata,0.458716167164971,0.274558259064986,,,,286.934611843716,
Gentiana_pyrenaica,,0.186577791173705,,,,,
Gentiana_rubicunda,,,,,14.5736280291167,23.7090735367536,0.2
Gentiana_septemfida,,0.258196570998333,,,,,
Gentiana_verna,0.127459815336203,0.225365485462325,,,,,
Gentianella_amarella,,,,,,,2.6211782334725
Gentianella_biebersteinii,0.258668351149154,0.220185803367855,,,,,
Gentianella_campestris,,,0.280444536996816,,,,
Gentianella_muelleriana,0.283302776701795,0.280420918329076,,,17.2796977929194,,0.2
Gentianella_propinqua,,,,,32.7262686971053,,2.30564901259009
Gentianopsis_detonsa,,0.352872716814594,0.246841887327084,21.1327513598296,22.0639712668445,265.075154235631,1.19506276577502
Geranium_antrorsum,0.005042,1.89995237520789,,,23.2125623740401,,0.262594929358565
Geranium_gymnocaulon,,2.19965583408614,,,,,
Geranium_potentilloides,0.005042,3.66182134517455,,,25.2089855895448,,1.49406246226391
Geranium_pusillum,,,,,28.9723763892283,,2.46466211058841
Geranium_robertianum,,,,,,,
Geranium_sylvaticum,,,,,,,
Geum_leiospermum,,,,,23.7973078799728,1852.04285806805,2.08497409074355
Geum_montanum,0.386848277411929,0.967982806505314,,,,10041.087190828,
Geum_rivale,,,,,,,
Geum_rossii,,0.771496612123165,0.371092990915018,,20.8167076784487,,0.707560277666358
Gingidia_baxteri,,,,,19.5167401478011,440.34537604622,0.673724885935559
Glandora_diffusa,0.392974315248004,4.18376739725834,,,23.3837144237606,155.001923647896,1.8602203538186
Glebionis_segetum,,,,,31.8865035003121,,4.10327404487884
Glechoma_hederacea,,,,,,,
Globularia_nudicaulis,0.162884226740617,0.691800523308632,,,16.9947965870429,156.96763291947,0.391877257754839
Globularia_repens,0.151562618796587,0.727549387354077,,,14.0387833974395,102.336907932992,0.2
Glyceria_fluitans,,,,,,,1.63957370873344
Glyceria_maxima,,,,,,,
Gnaphalium_norvegicum,,,,,18.920378869003,,2.82911665264002
Gnaphalium_supinum,,,,,,,
Gnaphalium_sylvaticum,,,,,,,2.41432411246373
Gnaphalium_uliginosum,,,,,23.7735230039042,,3.86193501884882
Gonocarpus_micranthus,0.77568597488038,1.42693722385927,,,16.2759808295187,,0.2
Gonocarpus_montanus,0.589501372961524,1.36618866544491,,,21.9940463009598,,0.648343573261411
Goodenia_hederacea,0.067853014435775,1.0462038910875,,,18.7970663411392,,0.2
Goodyera_repens,,,0.182232171269364,24.6869096481649,31.4113094109358,,2.54189162041732
Grevillea_australis,0.005042,2.01991103971854,,,19.0877162246158,,0.2
Gymnadenia_conopsea,,,,,,,
Gymnocarpium_dryopteris,,0.827607888876502,,,,,
Gymnocarpium_jessoense,0.005042,0.715590769845502,,,,,
Gymnocarpium_robertianum,,0.782103097379993,,,18.954946132621,,1.93124470437721
Gypsophila_fastigiata,,,,,20.6562709873384,,1.97415341528177
Hackelia_deflexa,0.126744355665871,,0.328728075391841,9.87877964344452,15.6477187363607,217.289875209327,0.950479446581521
Hammarbya_paludosa,,0.256198983865699,0.302581445551912,18.2648398224975,29.0608117232267,,0.805788035983546
Hectorella_caespitosa,,0.501994001684009,,,,37.7674294408916,2.11072221790704
Hedysarum_caucasicum,,3.76177647936501,,,,,
Hedysarum_hedysaroides,0.423689316320404,3.83429609833724,,,,6260.91984450025,
Helianthemum_apenninum,1.74614262320348,1.20717628573249,,,24.2501525609813,158.605499210618,1.80108636539518
Helianthemum_oelandicum,1.75895173848539,1.17784171590574,,,25.0085925962806,150.541190368805,2.08202029837616
Helianthemum_salicifolium,1.83877388818957,,,,,125.089628045892,
Helianthus_annuus,,,,,,,3.3330750724211
Helictochloa_versicolor,,0.86593359734849,,,,,
Helictotrichon_cantabricum,0.380201321240686,2.68225358975572,,,15.3128683877009,367.45062721246,0.2
Helictotrichon_pratense,0.389678416941307,2.62939885383831,,,17.4120697592225,500.97143547202,0.586451986797783
Helictotrichon_sedenense,0.390453009602385,2.63635169251208,,,18.1660473660667,645.869184134751,0.845744513571335
Hepatica_nobilis,,,,,,,1.18563231631
Heracleum_mantegazzianum,,,,,34.6504053552791,,3.68786722112037
Heracleum_sphondylium,,,,,,,
Herniaria_latifolia,0.1206673301038,0.393521586306476,,14.604135962821,22.3608951574673,24.4394454725602,2.08175653984812
Herpolirion_novae-zelandiae,0.005042,3.06353941796598,,,30.2515203581683,,2.02133829661073
Heuchera_parvifolia,,0.395333229732689,0.234913787518857,,20.0442060842495,,1.78689777103646
Hieracium_alpinum,,,,,,,
Hieracium_cymosum,,0.520379174622466,,,21.5504081800178,,2.47207450451066
Hieracium_froelichianum,,0.460488965612652,0.203808353699051,,20.0339792830326,,1.76599530953603
Hieracium_laevigatum,0.559028868121402,0.638091612797632,,,,,
Hieracium_lepidulum,0.0655775534537748,0.527803018168996,0.252491793655231,16.4573962430084,,421.036713339549,1.11860548384485
Hieracium_mixtum,0.172143908259505,0.626438989383763,,,21.2093386423488,612.805910277319,1.57015486597529
Hieracium_onosmoides,0.161922962628242,0.487632137734715,,,21.276385432842,695.391334087112,2.38180785959353
Hieracium_prenanthoides,0.341009337866428,0.632419632533796,,,,,
Hieracium_subalpinum,,0.476096232311885,,,20.7709523454099,,2.30164137610314
Hieracium_umbellatum,0.0964362673877741,0.553590898881272,,,,,
Hierochloe_alpina,,,,,,,
Hippocrepis_comosa,0.164923771365185,2.56461967816336,,,29.6309402702487,205.813055806035,0.348197079078836
Hippomarathrum_montanum,0.546392739646191,3.58736488159875,,,27.9254406489497,5227.14292412405,1.47360734606928
Hippuris_vulgaris,,,,,,,
Holcus_lanatus,0.481398371696671,0.78909576905391,,,19.886271586121,,2.15923743099781
Homogyne_alpina,0.00519622581748735,0.428520151361151,,,,10621.2471882453,
Honckenya_peploides,0.227622171089874,0.729951526530212,0.268199202402074,,,,
Hordeum_jubatum,,,,,,,1.54595113372973
Hordeum_vulgare,,,,,24.2542544530824,,2.96059773070754
Hornungia_alpina,0.159953222749949,0.785519073911685,,23.0900010595054,33.7312563564453,324.576869228799,3.99556759744482
Hovea_montana,0.246606062847262,3.66161551203794,,,20.6682030004053,,0.2
Humulus_lupulus,,,,,30.1855937667074,,2.96068989303783
Huperzia_selago,,2.11665374010367,,,,,
Hyalopoa_pontica,,1.02388839797937,,,,,
Hydrocotyle_novae-zeelandiae,,,,,28.2471271392797,353.054119983573,2.67813745489316
Hymenoxys_grandiflora,,2.20948042200708,0.321637405189978,,18.3966248368947,,0.387620031738642
Hypericum_linarioides,0.11157816262501,0.0798287829018518,,,,,
Hypericum_maculatum,,,,,,,
Hypericum_perforatum,,,,,,,1.14538130905894
Hypochaeris_maculata,,,,,26.2711464474896,,2.8883048121647
Hypochaeris_radicata,0.083719575343117,1.36168081466046,,,26.9080073660225,,2.70167500458226
Hypochaeris_uniflora,0.17773788425605,,,,,2647.9885177422,
Hypopitys_monotropa,,,0.318468733431319,18.8081337271045,18.852704940787,,1.89819901768584
Impatiens_glandulifera,,,,,31.2797467233255,,5.20792158380001
Imperatoria_ostruthium,0.267471751978896,,0.225304084271506,17.3783232245383,28.90143069276,549.158454953578,2.60134908839505
Inula_salicina,,,,,23.8820195172334,,2.19746810722803
Isoetes_echinospora,,2.09690538045181,0.29225875060293,22.5679105500538,18.8705581872695,9.49329480943367,1.66845818852648
Isoetes_lacustris,,2.09497045384238,0.291854265193679,22.6033376191029,19.0193401682536,10.1713613150532,1.685295689811
Isolepis_aucklandica,,,,,19.4854488972903,,1.06478257822263
Isolepis_crassiuscula,0.138472359851466,0.2694536237241,,,20.658655762381,,1.61259408195874
Isolepis_montivaga,0.005042,0.299514644816001,,,19.6220016851,,1.15779938057718
Jacobaea_leucophylla,,0.433131615274953,0.389162423320537,,20.3383317376234,,0.2
Juncus_alpinoarticulatus,,,,,20.8234478222901,,1.99648479568846
Juncus_antarcticus,0.005042,0.11704221967923,,,16.5935537986921,,0.668829654231107
Juncus_arcticus,,,0.218585482515073,,,,2.11759388711493
Juncus_articulatus,,,,,,,
Juncus_balticus,,,0.256350835384024,11.6975136250379,20.94805412714,507.562420108724,2.12383364440919
Juncus_biglumis,,0.0356452372260072,,,,,
Juncus_bufonius,,,,,,,
Juncus_bulbosus,,,,,18.0008417073353,,1.08390011843438
Juncus_castaneus,,,,,19.289329076749,,1.83984961272327
Juncus_drummondii,,0.142604783792294,0.320591777626744,,19.3213596146795,,1.66412539499351
Juncus_effusus,1.05685910184472,0.204110549695449,,,18.1218568375058,,1.36863340396064
Juncus_falcatus,0.277244464986689,0.15695336402241,,,20.1131811385457,,2.06824134463864
Juncus_filiformis,,,,,20.9632006565664,,2.01880009388274
Juncus_gerardii,,,,,20.6952495690282,,2.20382191282288
Juncus_jacquinii,0.385126511413367,0.177318657517249,,,,578.398334713557,
Juncus_scheuchzerioides,,0.0984415246494292,,,21.6008954224017,,2.42363519279052
Juncus_stygius,,0.0563729295050446,0.235031237869927,12.6768970244131,19.3650287098345,100.300595226046,1.80413864629151
Juncus_tenuis,0.0820008432574968,0.00467411752,,,20.6383607608115,,1.66343341861492
Juncus_trifidus,,,,,,,
Juncus_triglumis,,,0.228832839601257,12.5126283474448,19.2642073561185,91.8254744362436,1.81988597653236
Juniperus_communis,,,,,,,
Juniperus_sabina,,,0.527566952389137,2.83234235277,10.399166350268,10.0442018695,0.677642359361348
Jurinea_humilis,0.268317794585806,1.80806308027977,,14.8045405000414,22.0381245786539,827.012989726501,1.39237232281602
Kelleria_childii,,0.751554208905781,,,,10.4686730158938,3.77943630973155
Kelleria_paludosa,,0.868096374383305,,,9.27993,8.037998019889,1.81522935285879
Kelleria_villosa,,,,,9.27993,5.69810856908034,0.633433882431512
Kemulariella_caucasica,0.672522526933441,0.875485962384564,,,,,
Knautia_arvensis,,,,,,,
Koeleria_splendens,0.354356161612454,2.11575286741838,,,20.7848325757079,587.703955979261,1.42476118088885
Koeleria_vallesiana,0.341343622664207,2.18941435638919,,,18.3831229234982,472.904630839842,0.560107455079847
Koenigia_islandica,,1.68633811727371,0.208973598218323,23.4593704570535,,,
Kunzea_muelleri,0.005042,1.26295604500331,,,13.7535125875251,,0.2
Lachnagrostis_meionectes,0.154221809641718,1.3203783533466,,,9.27993,,0.2
Lactuca_muralis,,,,,,,
Lagotis_minor,,,,,19.8576401806274,,1.29329707121145
Lamium_album,,,,,,,3.65832431530416
Lamium_amplexicaule,,,,,33.3255712949591,,2.22403594256385
Lamium_purpureum,,,,,34.8294640822601,,3.06461373860396
Lappula_deflexa,,4.69238562613942,,,22.4718927254973,,3.51254374913863
Lapsana_communis,,,,,27.792872409902,,3.50218513793575
Larix_gmelinii,8.78999999999996,7.51565449537389,0.423761151590282,4.24722224517143,,87.7391549756401,1.07390243882265
Laserpitium_halleri,0.679595349981106,2.65241556954036,,,,11076.2420340499,
Lathyrus_linifolius,,,0.260617963858,,,,2.6501829626459
Lathyrus_palustris,,,,,40.3284113921122,,3.43728541564872
Lathyrus_pratensis,,,,,,,
Lathyrus_sylvestris,,,0.251557830180153,24.6356858850443,39.7956960009722,,2.44247304083925
Lathyrus_vernus,,,,,,,3.52699268663592
Ledum_decumbens,,0.0734451034127188,0.438991444487789,6.87797094749714,14.3237571170187,50.3525059468121,1.34969995822235
Lemna_minor,,1.36118280815217,,,31.9943909362833,,1.73551224126616
Lemna_trisulca,,1.24326644706618,,,30.6625037112793,,0.749901662417995
Leontodon_hispidus,,,,,,,
Leptinella_goyenii,,0.610873935353685,,,21.5848228201779,192.872390191336,1.09382021877457
Leptinella_plumosa,,0.600225536615454,,,25.5949223685532,,2.62283007938404
Leptorhynchos_squamatus,0.005042,0.182269356892886,,,14.6116528863252,,0.705997228611818
Leucanthemopsis_alpina,,0.696044895842409,,,,,
Leucanthemum_vulgare,,,,,,,
Lewisia_pygmaea,,0.582425244813646,0.2035834921872,,24.6539896907729,,2.36585817619432
Leymus_arenarius,,,,,17.4955148147575,,1.15196524995478
Leymus_innovatus,0.599718016562628,6.87417864967696,0.30146954878654,15.4345466204318,,2005.2183019614,
Ligularia_sibirica,1.00601483188402,0.591705635130278,,,,,
Ligusticum_tenuifolium,,3.40608891030686,0.294446463788889,,26.9612900247543,,1.23535710535036
Lilium_bulbiferum,,,,,27.4577261482914,,2.39348957788665
Linaria_vulgaris,,,,,,,
Linnaea_borealis,,,,,,,
Linum_marginale,0.393742549215711,5.948976651615,,,39.8358851646672,,0.505694598563135
Linum_narbonense,0.45182903014845,5.93670108211033,,,36.9150031240398,42.2667279897515,0.2
Linum_suffruticosum,0.445288915612228,5.01449570951437,,,33.5802753071452,41.44867541801,0.2
Linum_usitatissimum,,,,,,,
Lobelia_angulata,,,,,24.2689289053536,90.6640271833641,1.39357314217109
Lobelia_dortmanna,,,,,,,
Lobelia_surrepens,0.0158598459089307,0.122870810476384,,,17.0921747076478,,0.2
Loiseleuria_procumbens,,,,,,,
Lolium_multiflorum,,,,,,,
Lolium_perenne,,,,,,,
Lomatocarum_alpinum,0.441718095999533,2.35136658442328,,,,,
Lomelosia_caucasica,0.284802938512233,2.26646328636047,,,,,
Lonicera_xylosteum,,,,,,,1.49413446511659
Lotus_corniculatus,,,,,,,
Lotus_pedunculatus,0.192659588954358,1.5391921623187,,,30.9701089124932,,0.628312878377132
Luetkea_pectinata,0.005042,0.851952528916896,0.423870077826818,,,,
Lupinus_arcticus,,,,,27.9783996440776,,1.42187782390299
Lupinus_polyphyllus,,,,,,,3.20533650441072
Luzula_acutifolia,0.0743363428824277,0.299479940752858,,,16.8983989439666,,1.11979993395897
Luzula_alpestris,0.325533486978996,0.290359526243248,,,21.4265850568367,,2.87096849970056
Luzula_arctica,,,,,,,0.485894023676698
Luzula_arcuata,,0.335090929776002,0.402758927442075,13.1008415823448,,,0.8124171348915
Luzula_australasica,0.005042,0.28398944127925,,,14.8321605798919,,0.322858571465404
Luzula_campestris,0.184584574818066,0.369703617536158,,,,309.276906443829,
Luzula_confusa,,,,,,,
Luzula_lutea,,0.318333611205371,,,17.8514535861478,,1.6954875909597
Luzula_modesta,0.182878884278189,0.321067102728708,,,17.0273459804312,,1.22735339254055
Luzula_multiflora,,,,,,,
Luzula_novae-cambriae,0.315985907860625,0.347783679107129,,,17.4499193995899,,1.44138022475082
Luzula_pallescens,,,0.318889076428733,14.3841344175873,18.9754310951029,192.655081825503,1.75371798230918
Luzula_parviflora,,,,,21.742139658289,,3.59626452305026
Luzula_pilosa,,,,,,,3.06091410922294
Luzula_pumila,,,,,,164.716339842478,1.75833529399431
Luzula_rufa,,,,,22.8366690669845,206.645367783607,3.05466948613254
Luzula_spicata,,,,,,,
Luzula_sudetica,,,,,27.2314453463076,,4.66671021644206
Luzula_wahlenbergii,0.209818070627638,,,,19.2651846204317,,2.66910440387004
Lycopodiella_inundata,,1.67396266816004,,,21.4171074412182,,4.16896001508808
Lycopodium_annotinum,,2.05570781846983,,,,,
Lycopodium_clavatum,,2.00983843488301,,,,,
Lysimachia_arvensis,0.005042,0.364878601989932,,,20.942441906721,,0.236302946157414
Lysimachia_europaea,,,,,,,
Lysimachia_thyrsiflora,,0.390886856838953,,,25.7422146603969,,1.98006498081406
Lysimachia_vulgaris,,,,,,,
Lythrum_salicaria,,,,,,,
Maianthemum_bifolium,,,,,,,
Maianthemum_dilatatum,,,0.365093830958613,,20.5310317894588,2616.49852205315,0.2
Malaxis_monophyllos,,0.086864974312338,0.158247002306195,27.6355381543773,33.1381345318617,586.215419725825,3.07476424092849
Malva_neglecta,,,,,20.7351239976749,,3.29678657241381
Malva_pusilla,,,,,20.9737280316907,,4.09026013033035
Matricaria_chamomilla,,0.159812893003984,0.177669330668392,19.2063347691228,32.620094530649,448.541891232263,2.82250942353915
Matricaria_discoidea,,,,,,,2.81733028983363
Matteuccia_struthiopteris,,0.92226722369383,,,,,
Medicago_lupulina,,,,,,,
Medicago_minima,0.260676634377105,1.98715258835853,,23.7045902132826,32.8668519955733,308.983647870213,1.50014147964211
Melampyrum_pratense,,,,,,,
Melampyrum_sylvaticum,,,,,,,3.36137218454755
Melica_nutans,,,,,,,1.64622639441585
Melicytus_dentatus,0.0961770192032179,1.07284754396621,,,22.6280870351434,,0.902754315378537
Melilotus_albus,,,,,,,
Melilotus_officinalis,,,,,,,
Mentha_arvensis,,,,,,,2.66485488950243
Menyanthes_trifoliata,,,,,,,
Mertensia_ciliata,,2.40202907695848,0.192272106178379,,34.1177401536912,,3.62348818409821
Mertensia_lanceolata,,2.58289604228144,0.349887421706378,,27.401280318323,,1.3553031537851
Mertensia_maritima,0.48568825967715,2.35155920935717,0.186795091313403,,,758.369066828857,
Micranthes_foliolosa,0.005042,0.0350142608414552,0.230833453647786,,,,
Micranthes_hieracifolia,,0.0594390613584344,0.08773529074239,,,,
Micranthes_nelsoniana,,,,,,,
Micranthes_nivalis,,,,,,,
Micranthes_rhomboidea,,0.115556618681315,0.19096751306264,,20.8143046697625,,2.53897142379903
Micranthes_stellaris,,,,,23.3921504721711,,2.65366240431495
Micranthes_tenuis,0.005042,0.069568939048452,0.276297791828354,,,,
Microseris_lanceolata,0.0962515141093343,0.675057997931314,,,23.4212445211252,,2.15625571871454
Milium_effusum,,,,,,,
Minuartia_biflora,,0.521605027146079,,,24.7755565507354,,2.50094478908306
Minuartia_recurva,0.387086147043062,0.648346837077718,,,,,
Moehringia_lateriflora,0.158202216884828,,0.0392,,,99.4425773800821,5.20792158380001
Moehringia_trinervia,,,,,18.8566300559672,,4.19512496827655
Molinia_caerulea,,,,,,,
Moneses_uniflora,,,,,,,2.10465800815638
Montia_australasica,0.0452426893334204,0.472514964256488,,,26.3233996508865,,2.55788431481604
Montia_fontana,,,,,32.5313988788005,,4.53052632875445
Mutellina_purpurea,,,,,,,
Myosotis_alpestris,,,,,,,
Myosotis_alpina,,0.874216196431365,0.234442131202154,,21.476012833891,131.229706247258,2.21191194065409
Myosotis_arvensis,,,,,,,3.75079234520545
Myosotis_australis,0.0841623096711195,0.410785970480833,,,20.9295936170218,,2.23354897114169
Myosotis_decumbens,,0.599072878212203,0.15031983605457,31.4568219785855,24.1285470349153,666.300544252601,3.68189662194833
Myosotis_laxa,,,,,25.3775680569631,,4.21215931701512
Myosotis_nemorosa,,0.755124797725159,0.0805079673590602,,28.1522775381253,284.844437212175,4.41801067857183
Myosotis_scorpioides,,,,,,,4.10021417772627
Myosotis_stricta,,,,,23.8245759079943,,2.4778001195282
Myosotis_sylvatica,,,,,24.1504369840195,,3.71761577533046
Myrica_gale,,,,,,,
Myricaria_germanica,,,0.407107874826757,,21.41507602859,,0.2
Myriophyllum_alterniflorum,,,,,30.2287695760017,,3.72577147013321
Myriophyllum_pedunculatum,0.238821979702424,1.18205731140234,,,25.2911433617005,,1.63715823530637
Myriophyllum_sibiricum,0.70839266228161,,0.244394303696709,48.254489667831,27.2526792672476,14.2607631655755,2.52465106139413
Myriophyllum_verticillatum,,,0.238345968396973,53.8604077424315,29.1642840320317,24.8642277998362,2.9594098856951
Nardus_stricta,,,,,,,
Narthecium_ossifragum,,,,,,,2.92499194256162
Navarretia_intertexta,0.141039424151635,,0.267892607910144,18.2230765591027,25.2158990097609,81.9938045243192,2.68774868429871
Nematolepis_ovatifolia,1.54750231466765,9.59412895350284,,,18.2183709538014,,0.2
Neottia_cordata,,0.00467411752,,,,,3.41712588028557
Neottia_ovata,,0.0891825886680844,,,36.6349991550655,,4.14332247935648
Noccaea_caerulescens,,,,,35.256020132456,,4.25488661648433
Nuphar_lutea,,,,,,,3.86451688112661
Nuphar_pumila,,,0.366539216268373,2.83234235277,35.8706411642694,,1.80508936042403
Nymphaea_alba,,,,,31.849064118914,,3.6992234844736
Olearia_algida,0.005042,0.368250779021242,,,16.0267751231234,,0.2
Olearia_frostii,0.005042,0.582293723007541,,,15.9872042872473,,0.2
Olearia_phlogopappa,0.005042,0.529823946571845,,,15.9517706662585,,0.2
Oreobolus_distichus,0.005042,0.26898261779001,,,22.2715410172834,,2.41914677492762
Oreobolus_pumilio,0.005042,0.27617969048309,,,22.5432514271566,,2.5511928159106
Oreocarya_cana,,1.94142120215991,0.459875265533557,,15.2415608538119,,0.2
Oreochloa_confusa,0.104573754182382,0.751417578386455,,7.62800812116041,20.1533098278613,47.2587086938447,1.6516494012773
Oreochloa_disticha,,0.732141529635799,,,,,
Oreopteris_limbosperma,,1.03553700951738,,,19.8416958312495,,2.23469943627985
Oreoxis_alpina,,2.63221073392784,0.513909017571025,,21.7531570598947,,0.2
Orites_lancifolia,0.437460123773296,2.28216024897041,,,20.1603163253019,,0.2
Orthilia_secunda,,,,,,,
Ourisia_caespitosa,,,,,19.0940845023801,110.075785342763,0.985923223149599
Ourisia_glandulosa,,,,,18.1124507305344,120.188920967512,0.613842501892224
Oxalis_acetosella,,,,,,,
Oxalis_magellanica,,,,,25.0139266949521,323.563208485014,1.82646959649501
Oxylobium_ellipticum,0.162074238834781,3.59224515892744,,,20.4168910588431,,0.2
Oxyria_digyna,,,,,,,
Oxytropis_campestris,,,,,,,
Oxytropis_kubanensis,,2.2163715174028,,,,,
Oxytropis_lapponica,,2.13746431733045,,,40.4357900244351,597.640230306538,2.97114292130918
Oxytropis_maydelliana,,,,,38.7214231515849,,2.36244349255901
Ozothamnus_alpinus,0.005042,0.189328555193939,,,11.4508056931908,,0.2
Ozothamnus_cupressoides,0.005042,0.193673980114512,,,11.448208413322,,0.2
Ozothamnus_rosmarinifolius,0.005042,0.196147558230782,,,13.8167837667868,,0.442737921919201
Ozothamnus_secundiflorus,0.005042,0.130687833271029,,,21.8334630557705,,3.22516754888294
Packera_crocata,,0.454702124937624,0.374331011291096,,20.889000294052,,0.2
Panicum_gilvum,0.761286224166646,0.857014512602029,,,19.1845134605882,,0.998212883327227
Papaver_lapponicum,0.116982982273268,0.140001284215594,0.348462367862455,,26.7154958329324,132.302621570316,2.87230570063934
Papaver_nudicaule,,,0.343758579825279,14.0870977521034,27.1267743952847,148.612651249261,2.95695075284258
Papaver_radicatum,,,,,,,
Pappochroma_nitidum,0.0938456033971537,0.859928871109813,,,21.381046763419,,0.739316862440136
Pappochroma_paludicola,0.251479489301578,0.831536008828546,,,26.5248915534493,,2.64918412851394
Pappochroma_setosum,0.005042,0.75387415158682,,,19.7774762122338,,0.2
Parantennaria_uniceps,0.005042,0.00467411752,,,30.6906050023478,,5.13867091685609
Parasenecio_hastatus,,0.462503783653758,,,,,4.1953005977243
Paris_quadrifolia,,,,,,,4.09721998687672
Parnassia_palustris,,,,,,,
Paronychia_pulvinata,,0.401638109961773,0.361037190495726,,18.1715211440414,,0.411935141352245
Parrya_nudicaulis,,,,,27.5848285304297,,2.21168238336054
Pedicularis_capitata,,,,,20.2763578801707,,1.10925173192422
Pedicularis_caucasica,0.005042,0.667267630129354,,,,,2.12555088460593
Pedicularis_comosa,0.22946461374543,0.751852792890645,,,,,
Pedicularis_condensata,0.515302164898591,0.776098132347143,,,,,
Pedicularis_dasyantha,,0.774510339881658,0.122733692150333,,,,
Pedicularis_flammea,,0.905049357365215,0.175521288329339,19.0070741237438,27.6268837101063,243.407106990777,2.77022270814673
Pedicularis_groenlandica,,1.01597931824865,0.236563254189254,,23.9712403288696,,1.03874205048685
Pedicularis_hirsuta,,0.811045138968927,,,,,
Pedicularis_lapponica,,0.631671438285893,,,,,
Pedicularis_nordmanniana,,0.6456917870643,,,,,
Pedicularis_oederi,,,,,,,2.9035267417974
Pedicularis_palustris,,,,,,,
Pedicularis_parryi,,0.744968642134016,0.294467172932609,,22.9594888323908,,1.93173458721272
Pedicularis_pyrenaica,0.129422360313243,0.700973078871472,,,25.1059706310737,357.13806406789,2.68449506773806
Pedicularis_racemosa,,0.631634277525592,0.256867187885007,,25.4606315695649,,2.48169094457522
Pedicularis_rostratospicata,0.119714870036966,,0.261168058616326,14.5516934559042,24.2689751802461,377.427253741732,2.43137591859272
Pedicularis_sceptrum-carolinum,,,0.251914749029547,,,,2.58448179570437
Pedicularis_sudetica,,0.709005756333582,0.251825569239677,15.4938710332751,24.4812286443934,313.854369666309,2.51041920793211
Pedicularis_tuberosa,0.137068503833777,,,,,1215.29560626692,
Pedicularis_verticillata,,,,,25.5226284570029,,1.87059707795868
Penstemon_whippleanus,,0.741222996864069,0.258491836620229,,18.4302015153186,,1.28044200239257
Pentachondra_pumila,,,,,11.5985269923651,,0.2
Persicaria_amphibia,,,,,14.3956476583832,,2.53588792163099
Persicaria_lapathifolia,,,,,,,3.19392385085381
Persicaria_vivipara,,,,,,,
Petasites_frigidus,,,,,,,
Petasites_hybridus,,,,,25.4353164738673,,3.23598286001113
Petrorhagia_nanteuilii,0.005042,0.501104315902845,,,21.0616085299258,,1.8546012398159
Phalaris_arundinacea,,,,,,,
Phegopteris_connectilis,,0.823524567136212,,,,,3.49751752134296
Phleum_alpinum,,,,,,,
Phleum_phleoides,0.407094602347584,0.417144863235386,,,22.4162215141529,455.037394957215,2.62188507893851
Phleum_pratense,,,,,,,
Phlox_sibirica,,0.703982963164735,0.437204763379946,,19.9177025177681,,0.42368227491139
Phragmites_australis,,,,,,,
Phyllachne_colensoi,,,,,9.27993,81.4711838234459,0.2
Phyllachne_rubra,0.005042,0.297570411634753,0.416730974725355,11.6409212328247,,94.488325098025,0.2
Phyllodoce_caerulea,,,,,,,
Phyteuma_betonicifolium,0.0749042650332039,0.249753320005965,,,,25.055573881805,
Phyteuma_hemisphaericum,,0.27020531012542,,,,,
Phyteuma_orbiculare,0.0680789588968467,,0.253144771831494,15.2251743074683,30.1362611818178,32.6979384305349,2.58996382301029
Phyteuma_spicatum,0.0582705416099763,0.312148931504381,,,28.8149058064788,18.6264109539778,1.40925987413977
Picea_abies,,,,,,,
Picea_orientalis,4.11868201907699,5.95036435457967,,,,,
Pilosella_aurantiaca,,,,,19.1851040706547,,2.81871644313961
Pilosella_floribunda,0.0972659346105747,0.202294221292992,0.153458768798755,,19.2611785093632,528.977021543599,2.53152895443342
Pilosella_lactucella,,0.163912767140038,,,,,
Pilosella_officinarum,,,,,,,
Pilosella_peleteriana,,0.407035442393355,0.182868039100093,21.396069972155,19.8319942739523,574.839690718915,2.07072200512827
Pimelea_alpina,0.147645405464919,2.46513378061802,,,11.3199536936146,,0.2
Pimelea_axiflora,0.496586610141743,2.63306163794634,,,11.596394218758,,0.45569938629507
Pimelea_ligustrina,0.963136398148175,2.75144529137154,,,15.1646948641096,,1.88357797226024
Pimelea_oreophila,0.50903665883181,,0.323149755103595,14.882229838261,13.9855672324241,32.0514826042751,1.2151325094299
Pimpinella_saxifraga,,,,,,,
Pinguicula_alpina,,,,,19.0106848767185,,2.2805440165614
Pinguicula_leptoceras,0.0411266983899041,0.123262537609437,,,14.2731955636659,172.754100172233,1.55056780246999
Pinguicula_vulgaris,,,,,,,
Pinus_pumila,8.78999999999996,7.05180024037253,0.411590187214652,4.85280773732598,,77.6318692615505,1.11970304043072
Pinus_sylvestris,,,,,,,
Pisum_sativum,,,,,,,3.67131451575421
Plantago_alpina,0.005042,0.520571437348925,,,20.9009280498638,710.728646389501,1.00203124217499
Plantago_atrata,,1.05117944507974,,,,,
Plantago_euryphylla,0.005042,0.257854575139098,,,23.0959347126309,,0.866570365048556
Plantago_glacialis,0.005042,0.474693481117438,,,15.5480248556749,,0.2
Plantago_lanceolata,,,,,,,
Plantago_lanigera,,,,,22.9554373050849,544.695251640883,1.82541895763088
Plantago_major,,,,,,,
Plantago_media,,,,,,,
Plantago_muelleri,0.005042,0.552341004564303,,,21.1320473969572,,1.2599130414457
Platanthera_bifolia,,0.0628109111743185,,,,,3.49293092886313
Poa_alpigena,,,,,,,
Poa_alpina,,,,,,,
Poa_angustifolia,,,,,,,
Poa_annua,,,,,,,
Poa_arctica,,,0.501273619751717,,,,0.2
Poa_autumnalis,,,0.368785223193555,17.0176533660974,17.9908551596257,240.098236979594,1.43139060203957
Poa_colensoi,,,,,,156.504378526709,1.33929708459208
Poa_compressa,,,,,,,
Poa_cookii,,0.645687242096722,,,14.9515860586015,,1.65619177207499
Poa_costiniana,0.418581415358521,0.436905356693598,,,15.6793533723166,,0.740516678358149
Poa_cusickii,,0.334732984767983,0.408440588287459,,17.1709658261896,,0.865183167669494
Poa_exigua,,0.340273265248636,,,,163.880262728432,2.00575211798949
Poa_fawcettiae,0.339071533162452,0.397532322281478,,,14.6237350352465,,0.357017103747017
Poa_flexuosa,,0.292233844538073,0.444047129480746,14.8001085467279,15.8156554525845,,0.310240480847376
Poa_glauca,,,,,,,1.82477942223432
Poa_hiemata,0.005042,0.323204904211639,,,13.4261389459558,,0.2
Poa_hothamensis,0.639913645004812,0.451967731762741,,,16.0402466673486,,0.975873104919421
Poa_humilis,,,0.442504978753015,14.9185429515141,15.867173562238,,0.327865394945057
Poa_nemoralis,,,,,,,3.16194524464067
Poa_palustris,,,,,,,2.47105159240948
Poa_pratensis,,,,,,,
Poa_remota,,,0.35402641817647,18.4420981334306,19.9904492697161,417.279558926378,1.71620285630915
Poa_supina,,0.360784223777878,0.363324000501552,17.597694580298,17.3529450243491,146.293595917233,1.40436667023412
Poa_trivialis,,,,,,,
Podocarpus_lawrencei,1.39478828630413,8.1820530735912,,,17.480383191993,,2.21842164194373
Podolepis_robusta,0.793063791592724,0.320551654357132,,,20.0426200695021,,3.0368326211064
Podospermum_canum,,0.875349019766457,,,,,
Polemonium_acutiflorum,,,,,,,
Polemonium_boreale,0.121744150866077,0.816299901835587,0.0762362253075015,,,,
Polemonium_caeruleum,,,,,,,5.05656138689833
Polemonium_pulcherrimum,,0.492878624900824,0.0392,,40.9196785374182,,5.20792158380001
Polemonium_viscosum,,1.01089516388765,0.314189885619792,,23.6304383821991,,2.45029097529182
Polygala_alpestris,0.0841650804579626,1.42624471895893,,,,84.6029320248436,
Polygala_amarella,,,,,24.6485913717004,,1.51377856232328
Polygala_calcarea,0.111785589073373,1.60417530746796,,,19.3077443493123,53.6026980514774,0.2
Polygala_edmundi,0.123394562945106,1.55176558079426,,,22.7991957966289,97.390774783098,0.905788231584278
Polygonatum_odoratum,,,,,,,
Polygonum_aviculare,,,,,,,
Polypodium_virginianum,0.238260735191443,0.912660081706692,0.268440948772229,,,4749.13602995891,2.28581839591316
Polypodium_vulgare,,0.946271360635351,,,,,1.14586550438143
Polypogon_magellanicus,,0.363616096140309,,,22.0381124854846,,2.41733680395503
Polystichum_aculeatum,,1.05723641348296,,,21.4382102169607,,2.36118597584956
Polystichum_braunii,,0.996078112047247,0.286063853901854,18.4960517229436,21.0664598176166,14382.0634319662,2.37776897003281
Polystichum_lonchitis,,0.964183504546649,,,,,1.85550263156985
Populus_tremula,,,,,,,
Poranthera_microphylla,0.005042,1.07033679053278,,,24.4651782374614,,0.623783546095792
Potamogeton_alpinus,,,,,,,
Potamogeton_berchtoldii,,,,,39.9167622997159,,0.2
Potamogeton_compressus,1.00821951367125,,,,44.4291203101911,,2.58818827191212
Potamogeton_friesii,,1.53049892747486,0.279785640638794,57.9689755388809,38.476751241543,,0.2
Potamogeton_gramineus,,,,,35.2722146701447,,0.574761257293286
Potamogeton_natans,,,,,,,0.2
Potamogeton_obtusifolius,,,,,39.2735781304991,,0.881738048020813
Potamogeton_perfoliatus,,,,,,,
Potamogeton_praelongus,,3.71704965510792,0.0872545962365845,63.54680687428,45.5061365053982,,3.94816449380476
Potentilla_argentea,,,,,26.4792769935008,,2.35997821977727
Potentilla_aurea,,0.59506396986002,,,,,
Potentilla_concinna,,0.678253819037351,0.400905367788308,,23.1791081019768,,0.942759718634182
Potentilla_crantzii,,,,,,,
Potentilla_diversifolia,,0.761962083834973,0.311771520302209,,25.7633270846924,,2.21858603149026
Potentilla_erecta,,,,,,,
Potentilla_grandiflora,,0.668111410819208,,,,,
Potentilla_hyparctica,,0.577981779695743,0.265905893748871,,,,
Potentilla_multifida,,0.682024957260814,0.326029112385719,,28.8135546072256,,2.17613287364445
Potentilla_nivea,,0.69593883686101,,,,,
Potentilla_norvegica,,,,,,,2.88071607719736
Potentilla_pulchella,0.005042,0.554475424491358,0.224129638813076,,,,
Potentilla_rubricaulis,0.005042,0.634572164654196,0.264370503988078,,,,
Poterium_sanguisorba,0.909636240733081,2.96849331930052,,20.0891009835322,24.618558099601,721.533052035035,1.97976657391332
Prasophyllum_alpestre,0.407144944695588,0.398463433251601,,,32.8436973920569,,2.8590961006971
Prasophyllum_alpinum,0.375116169644312,0.37619772764461,,,33.4325732788466,,3.06100406164675
Primula_algida,0.005042,0.184246138468334,,,,,
Primula_angustifolia,,0.611261921385005,0.352869126215244,,16.0417145732172,,0.235883767840469
Primula_auriculata,0.394528780383505,0.298706656683717,,,,,
Primula_elatior,,,,,,,3.11036655982792
Primula_glutinosa,0.316116432463232,0.511665117175075,,,,875.574851911944,
Primula_integrifolia,,0.560581091686413,,,,392.403827799313,
Primula_parryi,,0.567697944086949,0.315368249128534,8.77977747910602,18.0659887851521,501.061496630104,0.793824151969916
Primula_ruprechtii,0.005042,0.819702672269549,,,,,
Primula_scandinavica,0.0253770920506056,,0.162390404868596,23.2985252715532,23.2247209899285,534.64536313317,1.98704200780489
Primula_stricta,0.0257599783932561,,0.16186295144145,23.3513249387631,23.2469382518091,531.862501966667,1.99248811156171
Pringlea_antiscorbutica,,1.44431776261335,,,30.7088951351051,,4.21798550324028
Prostanthera_cuneata,0.005042,0.972137442476795,,,17.436487316109,,0.2
Prunella_grandiflora,0.126770964366133,0.752580665933355,,,20.0762621700747,328.430802629815,1.81821191463844
Prunella_vulgaris,,,,,,,
Prunus_padus,,,,,,,
Psephellus_caucasicus,0.190723868468386,4.26081396910795,,,,,
Pseudocherleria_aizoides,,0.679010454103764,,,,,
Pseudorchis_albida,,0.363048350628194,,,32.9025027904384,,2.90824675805867
Psychrophyton_grandiflorum,,,,,,141.353680918046,0.2
Psychrophyton_hectori,,0.511129311248164,,,,64.6067609950866,0.2
Psychrophyton_subulatum,,,,,14.7635962969774,57.2460465151906,0.423144955755155
Pteridium_aquilinum,,,,,,,
Puccinellia_distans,,,,,,,
Pulsatilla_albana,0.005042,2.04476504044625,,,,,
Pulsatilla_aurea,,2.34826614272207,,,,,
Pulsatilla_vernalis,,1.97657911811332,,,25.1870338848756,,0.910352986559204
Pyrola_chlorantha,,0.876068834253192,0.345784344948901,15.2205415335794,14.8298017917774,394.074426999089,0.938342812635047
Pyrola_grandiflora,,,,,10.4687050944529,,0.2
Pyrola_media,,0.622936718894887,,,,,1.27478714535435
Pyrola_minor,,,,,,,
Pyrola_rotundifolia,,0.887594705885678,,,,,
Quercus_petraea,,,,,,,
Quercus_robur,,,,,,,
Ranunculus_acris,,,,,,,
Ranunculus_acrophilus,0.005042,0.699128185121247,,,34.9930364855842,,5.20792158380001
Ranunculus_adoneus,,0.767537866918578,0.256416227445076,,28.0312738680602,,2.89362301459899
Ranunculus_anemoneus,0.727231225825527,0.852659560104173,,,27.2885389490298,,3.24573508268844
Ranunculus_biternatus,,0.411775018924651,,,29.1911026733087,,2.93894114793151
Ranunculus_brachylobus,0.44386121878364,1.18873110365726,,,,,
Ranunculus_breyninus,,0.981293403003424,,,,,
Ranunculus_dissectifolius,0.143192604954979,0.811401744256228,,,29.125325646545,,3.70040686323238
Ranunculus_enysii,,,,,27.7170932447785,876.617067399596,3.29053656380407
Ranunculus_gracilipes,,0.662369724315365,,,28.3662887795759,805.361851009355,3.55721300372146
Ranunculus_gramineus,0.232680592752658,1.22201286803212,,,24.776108839337,473.786097033967,2.03430380090106
Ranunculus_graniticola,0.129061004290049,0.699543328011693,,,29.0747093063486,,3.69622518391779
Ranunculus_gunnianus,0.0607751618560586,0.688001953148313,,,27.5509930100996,,3.13293736353749
Ranunculus_hyperboreus,,,0.149713361558908,23.7902451645275,31.055672506767,270.121587714537,3.75578177097422
Ranunculus_lappaceus,,,,,24.4740193349937,214.818784726429,1.96071448973631
Ranunculus_lingua,,,,,28.3447034240517,,3.12870885289548
Ranunculus_millanii,0.005042,0.685495168862324,,,23.2522779297209,,1.40881938375947
Ranunculus_montanus,0.286878606412558,,0.189963427028687,20.7468249118232,30.8433518623272,549.457756250724,3.26419261051255
Ranunculus_muelleri,0.103328122566491,0.825607634371373,,,25.2325773670754,,2.31501723896446
Ranunculus_niphophilus,0.005042,0.785761927620221,,,24.5430974560502,,2.00557577680293
Ranunculus_nivalis,,0.661004694466502,,,,,
Ranunculus_pachyrrhizus,,0.676042037873224,,,28.0339844825059,783.241607117991,3.39235700080776
Ranunculus_pedatifidus,0.005042,0.699189215792313,0.207168376642026,,,,
Ranunculus_peltatus,,,,,33.4375195913196,,4.86285656455276
Ranunculus_platanifolius,,,,,29.0562721634535,,4.1246683378706
Ranunculus_pygmaeus,,0.52707363884536,,,,,
Ranunculus_repens,,,,,,,
Ranunculus_reptans,,,,,27.2504176751935,,2.0829980845321
Ranunculus_spitsbergensis,0.005042,0.942122279642883,0.205402702433137,,,,
Ranunculus_sulphureus,0.165242408417985,0.722994549805321,0.238949443280755,,,,
Ranunculus_trichophyllus,,,,,31.6473720544367,,3.67990434974626
Ranunculus_victoriensis,0.102951622063955,1.04081696345641,,,23.2384657226282,,1.45395374241397
Raphanus_raphanistrum,,,,,36.2763033125769,,5.20792158380001
Rhinanthus_angustifolius,,,,,,,3.79091411614883
Rhinanthus_glacialis,0.575300264748189,2.53404961323038,,,,1470.95056822073,
Rhinanthus_minor,,,,,,,
Rhodanthe_anthemoides,0.005042,0.147503335390011,,,16.6680227741414,,1.44363141669671
Rhodiola_integrifolia,,0.223615480870318,0.22753078672342,,23.2877154005094,,1.59255333352058
Rhodiola_rosea,,,,,,,
Rhododendron_caucasicum,1.36251964530452,0.172663853588007,,,,,
Rhododendron_ferrugineum,,,,,,49.5309402328814,
Rhododendron_lapponicum,,,,,,,
Rhododendron_tomentosum,,,,,,,
Rhynchospora_alba,,,,,,,
Rhynchospora_fusca,,,,,13.9265570296931,,0.519022069073122
Ribes_montigenum,,9.54992100046495,0.375385496614655,,19.1219774871034,,0.2
Ribes_nigrum,,,,,,,
Ribes_rubrum,,,,,,,
Ribes_spicatum,,14.4707477579459,,,,,
Rorippa_palustris,,,,,38.0476573162322,,5.20792158380001
Rosa_acicularis,0.478003512538774,11.4528765285094,0.376982261304382,,23.0515465421135,489.49427273885,1.39016626785092
Rosa_majalis,,3.55126766681907,0.352305771295708,,25.1403490819012,,1.65290154870526
Rosa_spinosissima,,,0.471275660281249,,19.7257359618243,,0.2
Rubus_arcticus,,,,,,,
Rubus_chamaemorus,,,,,,,
Rubus_idaeus,,,,,,,
Rubus_saxatilis,,,,,,,
Rubus_vestitus,0.175478750838263,2.95415457232979,,,20.9878133207711,,0.799089323182174
Rumex_acetosa,,,,,,,
Rumex_acetosella,,,,,,,
Rumex_alpinus,1.39484574219422,1.36822781636016,,,,,
Rumex_aquaticus,,,,,,,4.60402657239649
Rumex_confertus,0.90857988587363,,,,36.5847594261529,,4.35770121860136
Rumex_crispus,0.637500278673047,1.32559877906639,,,34.565726714231,,3.40938397905107
Rumex_longifolius,,,,,37.5675174708585,,5.20792158380001
Rumex_scutatus,,1.1524473220521,,,,,
Rumex_thyrsiflorus,,,,,36.8398784065643,,3.97587906465561
Rytidosperma_alpicola,0.326862321495165,0.741307783806696,,,16.6073012796393,,0.454469951534772
Rytidosperma_nivicola,0.005042,0.487937233342198,,,23.2463987488642,,2.35037188951001
Rytidosperma_nudiflorum,0.005042,0.684221473122361,,,14.8003792546155,,0.2
Rytidosperma_pumilum,0.005042,0.639713780890568,,,14.4616219750218,,0.2
Sabulina_rossii,0.095900454134374,0.140922357549496,0.255103426783866,,,,
Sabulina_rubella,,,0.289432164614158,13.3610386610665,21.3012103820211,,1.64428632853157
Sabulina_stricta,,,0.297596746348833,12.7577977822452,21.0582465621301,,1.55179081266172
Sagina_caespitosa,,0.0407783467899596,0.241742267831073,14.1926471427548,17.1154721708535,5.00644644713462,2.27595358775039
Sagina_nivalis,,,0.236005418801237,,,,
Sagina_nodosa,,,,,19.4809559661438,,3.20995774538989
Sagina_procumbens,,,,,,,
Sagina_saginoides,,,,,13.057778492325,,1.35144630549545
Sagittaria_sagittifolia,,,,,37.0941498168942,,2.93305133938732
Salix_alaxensis,,0.207979907770331,,,23.7087078654016,,2.12148927739427
Salix_arbuscula,,0.450507050271122,,,23.9363395828955,,0.887981397232765
Salix_arbusculoides,,0.186636883361789,0.391494441460889,,22.7859748518738,,1.99888691210119
Salix_arctica,,,,,,,
Salix_arctophila,,0.173111692263326,0.40965240020706,12.5374270463887,20.6975141880676,157.308486690128,1.64125579274618
Salix_argyrocarpa,,0.396720825866999,0.360550024403325,11.6560801151752,25.6230488291646,204.124413604176,1.40818854814869
Salix_athabascensis,,0.199129499874977,0.392727460384964,11.7111230379355,18.6685623512316,196.033323789363,1.49196207147969
Salix_aurita,,0.368449427820889,,,,,1.90101096829109
Salix_barclayi,,0.216674103318969,0.402625737449127,11.6022224437522,25.6672196894232,303.356391482264,1.72194791875148
Salix_barrattiana,,0.226451407036344,0.406323587365618,11.9990763678023,23.2451096935053,175.170971058419,1.76465847682322
Salix_bebbiana,,,0.355481602424225,,30.7530414600091,1707.88517482751,2.15083707766492
Salix_candida,,0.22403865171887,0.407476096777772,11.2072593367912,24.0189447227429,151.643818899084,1.53785573865994
Salix_caprea,,,,,,,
Salix_cinerea,,,,,29.9337276919447,,2.06853996663196
Salix_fuscescens,,0.177533281292638,,,18.5071871522764,117.906442859868,1.29072064654907
Salix_glauca,,,,,,,
Salix_hastata,,,,,,,
Salix_herbacea,,,,,,,
Salix_kazbekensis,1.27034103114573,0.357418341617051,,,,,
Salix_lanata,,0.151100258334759,,,,,
Salix_lapponum,,,,,,,
Salix_myrsinifolia,,0.162943926158209,,,28.32092392658,,2.22457673283167
Salix_myrsinites,,,,,,,
Salix_myrtillifolia,,0.304639803046961,0.379734149195803,11.4558606003578,24.3003612709889,131.024238552224,1.39135669937458
Salix_myrtilloides,,0.032633040285007,0.403352496169354,,28.369909084731,,1.87685027929399
Salix_niphoclada,,0.114770114468825,0.395386621748238,,22.5249559986146,,1.9012945698189
Salix_pedicellaris,0.244833800271714,0.0677583578097254,0.371776507016304,,28.6439352473748,139.263492286523,2.29292443437173
Salix_pentandra,,,,,34.3232936902336,,2.47451930232897
Salix_phlebophylla,,0.100376881341974,0.434673976402509,,23.3892128230491,,1.43750265603268
Salix_phylicifolia,,0.417441288524048,,,,,
Salix_planifolia,,0.22985087545636,0.310074545497694,,,,3.2803863207805
Salix_polaris,,,,,,,
Salix_pulchra,,0.231340287239908,,,,,
Salix_repens,,,,,,,
Salix_reticulata,,,,,,,
Salix_retusa,,,0.40605218504092,,25.4303585791425,152.320998793323,1.9041489485883
Salix_rotundifolia,,0.201028081778952,0.398371590795325,11.6160260635431,18.0062170037167,141.46088539124,1.41482864776051
Salix_serpyllifolia,2.15059741901634,,0.335945611283264,11.6470126578632,28.6407258340904,525.737581615567,1.71754973114327
Salix_setchelliana,,0.400767515842536,0.3624223981321,11.4920872693076,24.9343330778955,152.509255781635,1.33024730640717
Salix_sitchensis,,0.215251666330217,0.402102898630703,11.6554188610491,25.8932155324638,334.025780439236,1.74812896818811
Salix_starkeana,,0.449025369922646,,,25.3731819503823,,1.53170036547587
Salix_uva-ursi,,0.229001718923261,0.409088676540336,11.034218176084,23.2811096892555,110.46783336905,1.45175536524852
Salix_vestita,,0.246599442099822,,,21.2072223260792,84.6630342048136,0.698956247138059
Saussurea_alpina,,,,,,,
Saussurea_angustifolia,,,,,18.9614133468867,,0.73508531718579
Saussurea_nuda,0.107427925751991,,0.231219035812487,14.2274283729096,20.0764275444868,602.831609283914,1.53673895268255
Saxifraga_aizoides,,,,,,,
Saxifraga_bryoides,,0.00467411752,,,19.4742451979792,,1.44699994915239
Saxifraga_cernua,,0.0647730067271997,0.114284966167517,,,,
Saxifraga_cespitosa,,,0.180243098088919,17.7151603691647,21.0204263937431,,2.38969208892263
Saxifraga_conifera,0.0462859045019701,0.087589813524338,,,21.1406254954275,31.8111260909174,2.42053975104586
Saxifraga_cotyledon,,0.111720052111352,,,19.1326187290386,,2.60783508780597
Saxifraga_flagellaris,0.005042,0.148933948706202,0.288294285030769,,,,
Saxifraga_hirculus,,,0.193127129897052,,,,
Saxifraga_oppositifolia,,,,,,,
Saxifraga_paniculata,,,,,17.0463249679208,,2.01435988950468
Saxifraga_rivularis,,,0.157355043139923,28.7969974006299,25.7728953695902,,2.55157052425139
Saxifraga_tricuspidata,0.0554234285411988,,0.195563687079584,17.2143381873099,21.1945683139496,38.8656548117187,2.17287402675439
Scaevola_hookeri,0.005042,0.894747368429808,,,23.23126702876,,1.24960621395492
Scheuchzeria_palustris,,,,,30.7480054581481,,0.303868644376085
Schoenoplectus_lacustris,,,,,19.3576846257819,,1.80764743095731
Schoenus_calyptratus,0.005042,0.291446700725024,,,17.8362777313665,,0.988313024836345
Schoenus_ferrugineus,,,,,17.4377213685906,,0.896172509871011
Schoenus_pauciflorus,,0.375937899571902,,,,51.7172472826667,0.627401185342882
Scirpus_microcarpus,,,,,,,0.96427872082611
Scirpus_sylvaticus,,,,,19.4916531164756,,
Scleranthus_biflorus,0.005042,0.985818895607466,,,16.6882101930563,,0.214615179159592
Scleranthus_singuliflorus,0.005042,1.08510494558315,,,16.1648037588837,,0.249352071138513
Scleranthus_uniflorus,0.005042,,0.375870612732741,6.37709873136825,16.7985945069946,3.2273592142102,0.416101392724091
Scolochloa_festucacea,0.456799265146298,1.00504705550231,,,13.6864414719386,,0.2
Scorzoneroides_autumnalis,,,,,,,
Scorzoneroides_helvetica,,,,,,,
Scrophularia_nodosa,,,,,22.441717272981,,3.41375024198481
Scutellaria_galericulata,,,,,27.1107321429382,,2.98889898247701
Sedum_acre,,,,,,,1.93417061356283
Sedum_album,,,,,17.445427542615,,2.27048241051573
Sedum_annuum,,,,,17.7504653185861,,2.28964398328597
Sedum_atratum,0.0448520236302701,0.10563154417334,,,15.4941974705276,30.9465831195077,1.70958494308269
Sedum_lanceolatum,,0.0562533641550906,0.0750470569581249,,17.0722134086532,,2.18745858023359
Sedum_telephium,,,,,,,3.97262527481716
Sedum_tenellum,0.005042,0.0458847337542596,,,,,
Sedum_villosum,,,0.0743765505096222,14.6502710011437,16.867031418587,,2.17656101751415
Selaginella_selaginoides,,1.89578948908073,,,,,
Sempervivum_caucasicum,0.474955703621717,0.263904065426871,,,,,
Senecio_kolenatianus,,0.288217719837754,,,,,
Senecio_pectinatus,0.103044966350544,0.265433468065361,,,31.4985809120021,,1.05887690020633
Senecio_pinnatifolius,0.005042,0.233340275935735,,,29.540950221032,,0.236672973596973
Senecio_triangularis,,0.269433164178721,0.0808996214568515,,35.6551657416994,,2.64218951432109
Senecio_vulgaris,,,,,,,
Sesleria_albicans,0.146160933419685,0.836353616826768,,,20.2553870810089,184.882215249823,2.06994319956302
Sesleria_caerulea,,0.859599191519352,,,19.4703564084339,,1.84060675614126
Shepherdia_canadensis,,4.66576077464876,0.325479059026195,18.5217322104626,23.4466569007139,238.820627926208,1.55681909513846
Sibbaldia_procumbens,,,,,,,
Silene_acaulis,,,,,,,
Silene_ciliata,0.394028272139312,0.341246375402866,,,23.7383430013313,129.290654244808,1.97434889472977
Silene_dioica,,,,,,,
Silene_flos-cuculi,,,,,,,
Silene_involucrata,,0.500609586684242,0.169357530968469,,,,
Silene_latifolia,,,,,31.7093837585594,,0.56199597934601
Silene_nutans,0.570474727167128,0.366087780137008,,,,85.8176204298559,
Silene_saxatilis,1.25214829572242,0.44779651236917,,,,,
Silene_suecica,,,0.203638121304323,,22.798343795701,,1.61567465257942
Silene_tatarica,,,0.166194105386,19.614884113263,24.3954566912973,95.8254465832307,2.25904597690161
Silene_uniflora,0.335668380469571,0.860462519233275,,,25.1829294331187,1088.91817290744,1.91530453378556
Silene_uralensis,0.0265273877599177,0.489202103237428,0.176954499377032,,,,
Silene_vulgaris,,,,,,,
Sinapis_arvensis,,,,,,,5.20792158380001
Sisymbrium_altissimum,,,,,35.3947192186611,,5.11958287297551
Smelowskia_calycina,,0.796071578803588,0.204516064427179,21.9365510195127,32.7811063231172,256.987119474791,3.74478010256841
Solanum_dulcamara,,,,,,,
Solanum_tuberosum,,,,,,,4.26144347206959
Soldanella_minima,,0.545336178157262,,,,,
Soldanella_montana,,,0.29363368747475,10.9593893503653,16.8676159215633,73.9322773494906,0.967736074174033
Solidago_spathulata,,0.530842289119498,0.30640248533661,,24.5771954728269,,1.96713928703563
Solidago_virgaurea,,,,,,,
Sonchus_arvensis,,,,,27.3695759244478,,2.70827063193313
Sonchus_oleraceus,0.0657587526695753,0.460907983134461,,,25.7562506968193,,1.91980584543446
Sorbaria_sorbifolia,,,,,,,
Sorbus_aucuparia,,,,,,,
Sparganium_angustifolium,,,,,,,
Sparganium_emersum,,,,,25.7151910601173,,2.54201448475031
Sparganium_hyperboreum,,2.65084716359003,0.140681372179182,37.1486895492592,37.7341115063413,745.928818363355,2.99233352747706
Sparganium_natans,,,,,,,3.18269629751
Spergula_arvensis,,,,,,,2.49993468642872
Spergularia_rubra,,,,,,,3.03038399238182
Spiraea_chamaedryfolia,,3.33311174167031,0.508741228329135,,,,
Stachys_palustris,,,,,,,
Stachys_sylvatica,,,,,,,
Stackhousia_pulvinaris,0.005042,1.0507294084207,,,14.0546357781029,,0.2
Stellaria_borealis,,0.25021995534096,,,27.0853331910362,,3.08945390527456
Stellaria_crassifolia,,0.195124788523372,0.15394966699223,26.0336390427157,24.0074294764086,70.4564290765318,1.7262539375119
Stellaria_graminea,,,,,,,
Stellaria_longifolia,,,0.142153049488686,18.3499712056222,23.9242152145015,37.7941837576337,2.14435230202132
Stellaria_longipes,,,0.139958210959008,,,,
Stellaria_media,,,,,,,
Stellaria_nemorum,,,,,32.9693775216662,,4.56977981691761
Stellaria_palustris,,,0.249526860375995,,23.8087920632502,,1.57332790618335
Stellaria_pungens,0.005042,0.265810810837197,,,22.2611659980409,,1.06912498541987
Stratiotes_aloides,,1.00106819990164,,,39.1054314033994,,3.15795283583266
Stuckenia_filiformis,,,0.314880454508587,44.7080390841541,34.2939886568758,,0.2
Stylidium_graminifolium,0.0301620276074213,0.392684293893594,,,14.5516131184441,,1.16107607332276
Stylidium_montanum,0.0660826218189303,0.410444506694786,,,13.6114365956114,,0.850734784820474
Subularia_aquatica,,1.27297790070751,0.317782546430232,15.5580956932146,28.3510162511249,,1.94985005319926
Succisa_pratensis,,,,,,,
Swertia_iberica,1.11708555119184,0.456281175546639,,,,,
Tanacetum_vulgare,,,,,,,2.51207953935046
Taraxacum_alpinum,,0.753077888746723,,,26.3293964935025,,2.2063079830361
Taraxacum_arcticum,0.005042,0.686642193043817,0.10576302256671,,,,
Taraxacum_brachyceras,0.0588719447044452,0.790207388153056,0.063537511080327,,,,
Taraxacum_campylodes,,0.855567230482979,,,29.4703148063068,,2.42302998559328
Taraxacum_confusum,0.395969710646862,0.844280919278069,,,,,
Taraxacum_magellanicum,,,,,27.0196666593416,659.956476333615,2.64708723867865
Taraxacum_stevenii,,0.73524649123391,,,,,
Tasmannia_xerophila,0.157425181289772,2.10590559347087,,,30.8821743468876,,2.85100175704759
Tephroseris_integrifolia,,,,,,,
Tephroseris_palustris,,0.48526973318749,0.196197935712825,16.5171010154025,24.9152067098063,615.83989679594,2.17417423887694
Tetraneuris_acaulis,,2.17300387082966,0.383803602406824,,16.383098752955,,0.2
Teucrium_chamaedrys,0.131631088800847,1.24827137287374,,,18.5467601938899,303.943328562212,0.522168443904338
Teucrium_pyrenaicum,0.136226990640371,1.22099613794715,,,19.1031001880022,278.815969521007,0.731384210408048
Thalictrum_alpinum,,,,,,,
Thalictrum_flavum,,,,,28.1033034626209,,3.23611572142365
Thalictrum_minus,,,,,,,
Thalictrum_simplex,,0.956444696011396,,,,,0.985890855077077
Thesium_alpinum,0.395943407509722,,0.266160554135303,19.5190735934276,24.4465893177241,220.787974009306,1.75766698841063
Thlaspi_montanum,,1.27353434278151,0.366871310323653,,26.9302669121992,,1.3264447201799
Thymelaea_ruizii,0.569617491845056,24.4142157062733,,15.6660800063928,17.9578011306355,116.256147506284,1.52429743218421
Thymus_nummularius,0.240260253293583,0.266108023703944,,,,,
Thymus_praecox,0.100235292862932,0.27937997292297,,,,38.3764285797718,0.701706846074142
Thymus_pulegioides,0.142989455009257,0.276166871600755,,,19.610535123644,41.3331594625575,0.774305650232503
Thymus_serpyllum,,,,,19.3916668378013,,0.250662313790556
Thysselinum_palustre,,,,,31.1672485587476,,1.78427525124194
Tilia_cordata,,,0.380556798977513,,,,
Tofieldia_coccinea,,0.205648059641576,0.370739567665217,,,46.5455292865634,0.413985948750516
Tofieldia_pusilla,,,,,,,
Tonestus_pygmaeus,,0.480020911621902,0.436808111760498,,20.6348686169926,,0.2
Tragopogon_dubius,0.212321045575204,0.898636755197271,,,29.2902174650683,,2.71466248519415
Tragopogon_porrifolius,0.557600422801454,1.02784994169002,0.18214495275667,,28.9664791992962,,2.74151420629215
Traunsteinera_globosa,0.576629687745932,0.371567189001273,,,,,
Trichophorum_alpinum,,,,,21.1867618818426,,1.05782559351082
Trichophorum_cespitosum,,,,,20.4728579900561,,0.541399154828122
Trichophorum_pumilum,,0.303677073766369,0.33007186175369,9.70641787647638,21.0173445321226,99.6299267042251,0.984175616714831
Trifolium_ambiguum,0.005042,0.689554447657277,,,36.824112995851,,1.9926498655664
Trifolium_arvense,0.005042,1.27578611679116,,,32.3566462166521,,0.320501604023217
Trifolium_badium,0.369046469544155,0.49730264578624,,,,,
Trifolium_brandegei,,0.925777486072939,0.323395450481927,,35.1846530882575,,1.05874637752567
Trifolium_campestre,,,,,,,
Trifolium_dasyphyllum,,1.03468152288025,0.42217838405038,,31.2207315625895,,0.2
Trifolium_dubium,,,,,,,
Trifolium_hybridum,,,,,,,3.01314829756938
Trifolium_medium,,,,,,,2.0073441852494
Trifolium_nanum,,1.0312357575455,0.4248479765118,,31.0939209816829,,0.2
Trifolium_pallescens,0.005042,0.710447401236155,,,,145.200388890811,2.04312420810043
Trifolium_parryi,,1.06701416310225,0.311595595674293,,34.5852524806409,,1.22731211010561
Trifolium_polyphyllum,,1.57345282922411,,,,,
Trifolium_pratense,,,,,,,
Trifolium_repens,,,,,,,
Trifolium_spadiceum,,,,,41.3958011501318,,1.5877832284641
Triglochin_palustris,,,,,34.4597398442658,,
Tripleurospermum_breviradiatum,,0.18263429586463,,,,,
Tripleurospermum_inodorum,,,,,,,1.00805711466417
Tripleurospermum_maritimum,,,,,,,
Trisetum_antarcticum,0.197998355514246,1.4887867556953,,,26.591802537586,,2.9757732710431
Trisetum_flavescens,0.40005040901465,1.62705554119301,,,,,
Trisetum_spicatum,,,,,,,
Trollius_europaeus,,,,,,,
Trollius_laxus,,0.997091687136341,0.282431980927129,,22.0150193107785,,1.39715121249868
Turanecio_taraxacifolius,1.11305335687517,0.867017613585549,,,,,
Turritis_glabra,,,,,,,4.75044694605162
Tussilago_farfara,,,,,,,3.15429480163077
Ulmus_glabra,,,,,,,
Urtica_dioica,,,,,,,
Urtica_urens,,,,,39.6252122580162,,4.14598832496516
Utricularia_intermedia,,1.48617641619543,0.0672921853239355,54.3321394418747,21.2143222655116,86.5119739704126,1.31306840681982
Utricularia_minor,,,0.0607343126944956,55.7867771337185,21.4109106376905,88.4326498128448,1.27230994425422
Utricularia_ochroleuca,,1.4313970050554,0.128100318782711,40.6886372493123,20.9984937031964,157.871480220181,1.85730768305513
Utricularia_stygia,,1.42633477115876,0.126751450877284,40.8067785600512,21.4946481613435,194.763880352542,1.91345696451459
Utricularia_vulgaris,,1.45830547526807,,,,,
Vaccinium_cespitosum,,0.365715305882376,0.397030584077645,,15.1253342864629,,1.23110713397968
Vaccinium_microcarpum,,0.17122748325508,0.555294068376861,5.34350329495953,13.0383073435078,,0.2
Vaccinium_myrtillus,,,,,,,
Vaccinium_oxycoccos,,,,,,,
Vaccinium_uliginosum,,,,,,,
Vaccinium_vitis-idaea,,,,,,,
Valeriana_alpestris,0.477628700769407,1.00629603662519,,,,,
Valeriana_capitata,,,,,,,
Valeriana_officinalis,,,,,,,2.05470568633636
Veratrum_album,,,,,,,
Verbascum_thapsus,,,,,,,
Verbascum_virgatum,0.330108966042318,0.0644804813668025,,,19.0076693342346,,2.09153804406263
Veronica_alpina,,,,,,,
Veronica_aphylla,0.10550479613366,,0.263555562555447,19.9195583692755,21.487863133391,108.306583612717,2.29527459228503
Veronica_buchananii,0.0399277045268449,,,,19.0826657563197,58.168399886605,0.535331121082439
Veronica_chamaedrys,,,,,,,
Veronica_chionohebe,0.005042,0.0668230667262517,,,20.6689941600196,2.582964,0.804403715688095
Veronica_densifolia,0.005042,0.0631124245318615,,,24.1976217664622,,1.96997430727513
Veronica_derwentiana,0.0408236213201301,0.221896467522233,,,20.3715258767842,82.2397416184255,1.00587558556474
Veronica_epacridea,,,,,17.341486305772,48.5820158843509,0.2
Veronica_fruticans,,,,,22.6715044589048,,1.20367381925065
Veronica_gentianoides,,0.169885391322642,,,,,
Veronica_imbricata,,0.249606128498471,,,16.2333449396736,39.8069168382464,0.2
Veronica_longifolia,,,,,,,3.02669365403722
Veronica_odora,,,,,17.854105873635,77.5387282653421,0.2
Veronica_officinalis,,,,,,,
Veronica_scutellata,,,,,26.4186555806667,,3.15092391045178
Veronica_serpyllifolia,,,,,29.2697592855342,,3.44507340699417
Veronica_wormskjoldii,,0.218261157548055,0.323917914854045,,21.0276911809848,,1.36290754500401
Viburnum_opulus,,,,,,,
Vicia_cracca,,,,,,,
Vicia_sativa,,,,,,,
Vicia_sepium,,,,,,,
Vicia_sylvatica,,,,,,,1.74940611056606
Viola_adunca,,1.56892559195949,0.429710812673679,,12.365902247559,,0.2
Viola_altaica,0.005042,0.926486640394812,,,,,
Viola_arvensis,,,,,21.7805760738852,,3.01691835503907
Viola_betonicifolia,0.104644854613108,0.687888805019846,,,25.5856549773336,,2.23199505545617
Viola_biflora,,,,,,,
Viola_canina,,,,,,,2.63893215034087
Viola_cunninghamii,,,,,26.4550949327773,151.462835389604,2.80168307427833
Viola_epipsila,,0.811022956706307,0.171265785845326,38.336823388458,39.2628772396344,1024.31312134842,4.47867388906892
Viola_fuscoviolacea,0.005042,0.75490681018788,,,29.2664786319661,,3.54715942626795
Viola_hederacea,0.125653676849997,0.993323658104017,,,23.714070658149,,1.86517254548488
Viola_mirabilis,,,,,,,4.27784810677342
Viola_palustris,,,,,,,4.54159626947118
Viola_riviniana,,,,,,,2.16371569312465
Viola_rupestris,,,,,15.4284763113779,,1.7333994526217
Viola_selkirkii,0.079832095650791,,0.299955630010502,,22.9473603748785,211.500949562281,1.25641241140296
Viola_tricolor,,,,,,,
Viscaria_vulgaris,,,0.207193980619831,,,,2.73024992852665
Vulpia_bromoides,0.603613268008415,0.804281960584778,,,11.4192934737591,,0.343676885204549
Wahlenbergia_albomarginata,,,,,26.6475341361955,113.373942252896,2.25482324083253
Wahlenbergia_ceracea,0.0939056531564757,0.0560603289258794,,,25.2873690364958,,1.83120000219298
Wahlenbergia_gloriosa,0.005042,0.032242075393961,,,25.5931966970751,,1.8463974018057
Woodsia_alpina,,0.890975913193012,0.24379131972323,24.8381921222121,22.3260629601426,6109.44746600987,2.80496391118538
Woodsia_glabella,,0.891175357553016,0.243859576134867,24.8322138482056,22.3009561851985,6045.22107942629,2.80212260370597
Woodsia_ilvensis,,0.890127421844525,0.243500857627184,24.8636323989128,22.4329037140047,6390.47746971322,2.81705496763249
Xerochrysum_bracteatum,0.427181418969973,0.273570677717597,,,18.07160053748,,2.20245458116375
